sample_key,mutect,lofreq,vardict,pindel,real,final,vaf,gt_AD_alt_Pindel,gt_AD_ref_Pindel,gt_AF_Pindel,pon_pvalue_Pindel,total_greater_than_min_alt_count_Pindel,dust_score_Pindel,dust_score_3_Pindel,dust_score_5_Pindel,dust_score_10_Pindel,total_Pindel,QUAL_Vardict,PMEAN_Vardict,SBF_Vardict,ODDRATIO_Vardict,SN_Vardict,HIAF_Vardict,ADJAF_Vardict,SHIFT3_Vardict,NM_Vardict,HICNT_Vardict,HICOV_Vardict,gt_AD_alt_Vardict,gt_AD_ref_Vardict,gt_AF_Vardict,RefFwd_Vardict,RefRev_Vardict,AltFwd_Vardict,AltRev_Vardict,pon_pvalue_Vardict,dust_score_Vardict,dust_score_3_Vardict,dust_score_5_Vardict,dust_score_10_Vardict,total_Vardict,total_greater_than_min_alt_count_Vardict,QUAL_Lofreq,gt_AD_alt_Lofreq,gt_AD_ref_Lofreq,gt_AF_Lofreq,RefFwd_Lofreq,RefRev_Lofreq,AltFwd_Lofreq,AltRev_Lofreq,pon_pvalue_Lofreq,dust_score_Lofreq,dust_score_3_Lofreq,dust_score_5_Lofreq,dust_score_10_Lofreq,total_Lofreq,total_greater_than_min_alt_count_Lofreq,GERMQ_Mutect,MPOS_Mutect,ROQ_Mutect,TLOD_Mutect,gt_AD_alt_Mutect,gt_AD_ref_Mutect,gt_AF_Mutect,RefFwd_Mutect,RefRev_Mutect,AltFwd_Mutect,AltRev_Mutect,pon_pvalue_Mutect,total_greater_than_min_alt_count_Mutect,dust_score_Mutect,dust_score_3_Mutect,dust_score_5_Mutect,dust_score_10_Mutect,total_Mutect,FPpass,pass_homopolymer_filter,ref_len,alt_len,gt_AD_ref_Mutect_std,gt_AD_ref_Vardict_std,gt_AD_ref_Lofreq_std,gt_AD_alt_Mutect_std,gt_AD_alt_Vardict_std,gt_AD_alt_Lofreq_std,altbias_Mutect,refbias_Mutect,altbias_Lofreq,refbias_Lofreq,altbias_Vardict,refbias_Vardict,MBQ_Mutect_1,MBQ_Mutect_2,MFRL_Mutect_1,MFRL_Mutect_2,MMQ_Mutect_1,MMQ_Mutect_2,FILTER_Lofreq_PASS,FILTER_Lofreq_CALL,FILTER_Lofreq_Not_Detected,FILTER_Vardict_PASS,FILTER_Vardict_Not_Detected,FILTER_Vardict_p8,FILTER_Vardict_pSTD,FILTER_Vardict_Bias,FILTER_Vardict_NM5_25,FILTER_Pindel_Not_Detected,FILTER_Pindel_PASS,FILTER_Mutect_clustered_events,FILTER_Mutect_strand_bias,FILTER_Mutect_slippage,FILTER_Mutect_multiallelic,FILTER_Mutect_map_qual,FILTER_Mutect_orientation,FILTER_Mutect_PASS,FILTER_Mutect_haplotype,FILTER_Mutect_Not_Detected,FILTER_Mutect_weak_evidence,FILTER_Mutect_base_qual,FILTER_Mutect_position,FILTER_Mutect_germline,FILTER_Mutect_contamination,VARIANT_CLASS_SNV,VARIANT_CLASS_deletion,VARIANT_CLASS_insertion,VARIANT_CLASS_substitution,VARIANT_CLASS_indel,VARIANT_CLASS_RPL,VARIANT_CLASS_INV,VARIANT_CLASS_DUP:TANDEM,SYMBOL_DNMT3A,SYMBOL_TET2,SYMBOL_PPM1D,SYMBOL_ASXL1,SYMBOL_CHEK2,SYMBOL_TP53,SYMBOL_SRSF2,SYMBOL_SF3B1,SYMBOL_JAK2,ALTREF_CT,ALTREF_I,ALTREF_CG,ALTREF_AG,ALTREF_AT,ALTREF_GT,ALTREF_AC
809382_1_1000 4:106197542 A>G,0.0,0.05344447131517014,0.017602768807446545,0.0,false,0.5104142638143425,0.001479,,,,,,,,,,,177.0,24.9,0.88692,1.0732,100.0,0.0013,0.0,0.0,2.9,50.0,39243.0,50.0,39186.0,0.0013,17340.0,21846.0,23.0,27.0,0.029356902,0.0,0.0,0.0,0.0,6.0,6.0,144.0,62.0,41023.0,0.001479,18073.0,22950.0,29.0,33.0,0.0005342876,0.0,0.0,0.0,0.0,6.0,6.0,,,,,,,,,,,,,,,,,,,1.0,1.0,1.0,1.0,,1.7415524,1.519397,,0.09319782,1.0947986,,,0.8787879,0.78749454,0.8518519,0.793738,,,,,,,1.0,0.0,0.0,1.0,0.0,0.0,0.0,0.0,0.0,1.0,0.0,0.0,0.0,0.0,0.0,0.0,0.0,0.0,0.0,1.0,0.0,0.0,0.0,0.0,0.0,1.0,0.0,0.0,0.0,0.0,0.0,0.0,0.0,0.0,1.0,0.0,0.0,0.0,0.0,0.0,0.0,0.0,0.0,0.0,0.0,1.0,0.0,0.0,0.0
887041_T 17:7579472 G>C,1.0,1.0,0.9998141199483656,0.0,true,0.9612948896734065,0.482831,,,,,,,,,,,531.0,36.0,0.95625,1.00152,21836.0,0.4858,0.0,2.0,2.1,10918.0,22474.0,10918.0,11538.0,0.4855,4449.0,7089.0,4206.0,6712.0,0.0,16.666666,7.142857,3.5714285,16.666666,6.0,6.0,49314.0,11882.0,12146.0,0.482831,4631.0,7515.0,4617.0,7265.0,0.0,16.666666,7.142857,3.5714285,16.666666,6.0,6.0,11.0,59.0,1.0,41129.0,11837.0,12016.0,0.496,4549.0,7467.0,4601.0,7236.0,0.0,6.0,16.666666,7.142857,3.5714285,16.666666,6.0,1.0,1.0,1.0,1.0,0.42101067,1.0493917,1.2248365,5.80611,37.875206,234.80719,0.6358485,0.6092139,0.6355127,0.6162342,0.6266388,0.627592,44.0,44.0,243.0,252.0,60.0,60.0,1.0,0.0,0.0,1.0,0.0,0.0,0.0,0.0,0.0,1.0,0.0,0.0,0.0,0.0,0.0,0.0,1.0,0.0,0.0,0.0,0.0,0.0,0.0,0.0,0.0,1.0,0.0,0.0,0.0,0.0,0.0,0.0,0.0,0.0,0.0,0.0,0.0,0.0,1.0,0.0,0.0,0.0,0.0,0.0,1.0,0.0,0.0,0.0,0.0
736399_T 20:31022441 A>AG,0.0,0.28184223166480415,0.6956657330333647,0.0011005023327551797,false,0.7013033446142877,0.0139,566.0,9204.0,0.057932448,0.0,6.0,53.57143,53.57143,0.0,8.333333,6.0,321.0,33.0,0.03405,1.19486,1178.0,0.0151,0.0,8.0,1.9,589.0,38965.0,589.0,38941.0,0.0136,19397.0,19544.0,319.0,269.0,1.4548993e-8,53.57143,53.57143,0.0,8.333333,6.0,6.0,5419.0,654.0,46648.0,0.0139,23189.0,23459.0,354.0,300.0,1.9668078e-5,53.57143,53.57143,0.0,8.333333,6.0,6.0,93.0,59.0,93.0,556.13,721.0,41899.0,0.016,20447.0,21452.0,393.0,368.0,1.6808572e-19,6.0,53.57143,53.57143,0.0,8.333333,6.0,1.0,0.0,1.0,2.0,1.9302063,1.7168206,2.053951,0.4305989,1.9670019,12.800191,1.0679348,0.9531512,1.18,0.9884906,1.1858736,0.9924785,44.0,29.0,213.0,197.0,60.0,60.0,1.0,0.0,0.0,1.0,0.0,0.0,0.0,0.0,0.0,0.0,1.0,0.0,0.0,1.0,1.0,0.0,0.0,0.0,0.0,0.0,0.0,0.0,0.0,0.0,0.0,0.0,0.0,1.0,0.0,0.0,0.0,0.0,0.0,0.0,0.0,0.0,1.0,0.0,0.0,0.0,0.0,0.0,0.0,1.0,0.0,0.0,0.0,0.0,0.0
809382_T 4:106164739 A>G,0.0,0.3309049006408081,8.434417212673394e-11,0.0,false,0.5357782127059987,0.001472,,,,,,,,,,,125.0,17.2,0.00051,5.80002,34.0,0.0011,0.0,0.0,2.8,17.0,15784.0,17.0,15767.0,0.0011,11153.0,4614.0,5.0,12.0,0.23619092,8.333333,7.142857,0.0,8.333333,6.0,,76.0,26.0,17070.0,0.001472,12385.0,4685.0,12.0,14.0,0.00548746,8.333333,7.142857,0.0,8.333333,6.0,1.0,,,,,,,,,,,,,,,,,,,1.0,1.0,1.0,1.0,,0.6224928,0.7568999,,0.021524874,0.38298413,,,0.85714287,2.6435432,0.41666666,2.4172084,,,,,,,1.0,0.0,0.0,1.0,0.0,0.0,0.0,0.0,0.0,1.0,0.0,0.0,0.0,0.0,0.0,0.0,0.0,0.0,0.0,1.0,0.0,0.0,0.0,0.0,0.0,1.0,0.0,0.0,0.0,0.0,0.0,0.0,0.0,0.0,1.0,0.0,0.0,0.0,0.0,0.0,0.0,0.0,0.0,0.0,0.0,1.0,0.0,0.0,0.0
761809_1_10 2:25457242 C>T,1.0,0.9999999960660186,0.9928587406912788,0.0,true,0.9610218526107112,0.027887,,,,,,,,,,,358.0,18.3,0.08945,1.17293,982.0,0.028,0.0003,1.0,2.0,491.0,17526.0,491.0,17035.0,0.028,7922.0,9113.0,209.0,282.0,0.0,0.0,0.0,0.0,0.0,6.0,2.0,7793.0,519.0,17767.0,0.027887,8308.0,9459.0,222.0,297.0,0.0,0.0,0.0,0.0,0.0,6.0,2.0,93.0,24.0,93.0,1106.6,512.0,17497.0,0.028,8190.0,9307.0,220.0,292.0,0.0,2.0,0.0,0.0,0.0,0.0,2.0,1.0,1.0,1.0,1.0,0.010238529,0.49449375,0.6906627,0.5478598,1.6263102,10.130887,0.75342464,0.8799828,0.74747473,0.87831694,0.74113476,0.8693076,45.0,44.0,219.0,219.0,60.0,60.0,1.0,0.0,0.0,1.0,0.0,0.0,0.0,0.0,0.0,1.0,0.0,0.0,0.0,0.0,0.0,0.0,0.0,1.0,0.0,0.0,0.0,0.0,0.0,0.0,0.0,1.0,0.0,0.0,0.0,0.0,0.0,0.0,0.0,1.0,0.0,0.0,0.0,0.0,0.0,0.0,0.0,0.0,1.0,0.0,0.0,0.0,0.0,0.0,0.0
887041_1_10 4:106156379 A>G,0.0,0.4933886747151797,0.0022753959834776044,0.0,false,0.5538264235862539,0.00133,,,,,,,,,,,184.0,13.4,0.30475,1.47225,68.0,0.0014,0.0002,0.0,2.4,34.0,24722.0,34.0,24688.0,0.0014,12530.0,12158.0,14.0,20.0,0.0029549536,3.5714285,3.5714285,0.0,0.0,6.0,6.0,127.0,35.0,25758.0,0.00133,12875.0,12883.0,14.0,21.0,0.0034759403,3.5714285,3.5714285,0.0,0.0,6.0,6.0,,,,,,,,,,,,,,,,,,,1.0,1.0,1.0,1.0,,0.27804297,0.06873649,,0.037574697,0.56093776,,,0.6666667,0.99937904,0.7,1.0305971,,,,,,,1.0,0.0,0.0,1.0,0.0,0.0,0.0,0.0,0.0,1.0,0.0,0.0,0.0,0.0,0.0,0.0,0.0,0.0,0.0,1.0,0.0,0.0,0.0,0.0,0.0,1.0,0.0,0.0,0.0,0.0,0.0,0.0,0.0,0.0,1.0,0.0,0.0,0.0,0.0,0.0,0.0,0.0,0.0,0.0,0.0,1.0,0.0,0.0,0.0
761809_1_5000 2:25457243 G>A,0.0,0.034039055441369453,0.10098324459053451,0.0,false,0.5301959086304199,0.00181,,,,,,,,,,,203.0,16.2,0.29764,1.49203,66.0,0.0019,0.0001,0.0,2.0,33.0,17719.0,33.0,17685.0,0.0019,8139.0,9546.0,12.0,21.0,1.2725158e-12,0.0,0.0,0.0,0.0,6.0,5.0,141.0,34.0,18473.0,0.00181,8572.0,9901.0,13.0,21.0,1.0088914e-12,0.0,0.0,0.0,0.0,6.0,5.0,,,,,,,,,,,,,,,,,,,1.0,1.0,1.0,1.0,,0.42887908,0.62357026,,0.034098253,0.5411651,,,0.61904764,0.8657711,0.5714286,0.85260844,,,,,,,1.0,0.0,0.0,1.0,0.0,0.0,0.0,0.0,0.0,1.0,0.0,0.0,0.0,0.0,0.0,0.0,0.0,0.0,0.0,1.0,0.0,0.0,0.0,0.0,0.0,1.0,0.0,0.0,0.0,0.0,0.0,0.0,0.0,1.0,0.0,0.0,0.0,0.0,0.0,0.0,0.0,0.0,0.0,0.0,0.0,1.0,0.0,0.0,0.0
218281_T 2:198267463 A>G,0.0,0.27155879338366856,0.0,0.0,false,0.5293779637198498,0.003211,,,,,,,,,,,,,,,,,,,,,,,,,,,,,,,,,,,,855.0,144.0,43587.0,0.003211,28765.0,14822.0,55.0,89.0,0.003906663,7.142857,7.142857,7.142857,5.5555553,6.0,6.0,,,,,,,,,,,,,,,,,,,0.0,1.0,1.0,1.0,,,1.7630587,,,2.7161536,,,0.6179775,1.9406962,,,,,,,,,1.0,0.0,0.0,0.0,1.0,0.0,0.0,0.0,0.0,1.0,0.0,0.0,0.0,0.0,0.0,0.0,0.0,0.0,0.0,1.0,0.0,0.0,0.0,0.0,0.0,1.0,0.0,0.0,0.0,0.0,0.0,0.0,0.0,0.0,0.0,0.0,0.0,0.0,0.0,0.0,1.0,0.0,0.0,0.0,0.0,1.0,0.0,0.0,0.0
272341_1_5000 2:25457243 G>A,0.0,0.03405015093322717,0.10102747816592383,0.0,false,0.530208691464108,0.00181,,,,,,,,,,,203.0,16.2,0.29766,1.49187,66.0,0.0019,0.0001,0.0,2.0,33.0,17720.0,33.0,17686.0,0.0019,8139.0,9547.0,12.0,21.0,1.2742511e-12,0.0,0.0,0.0,0.0,6.0,5.0,141.0,34.0,18475.0,0.00181,8573.0,9902.0,13.0,21.0,1.0115829e-12,0.0,0.0,0.0,0.0,6.0,5.0,,,,,,,,,,,,,,,,,,,1.0,1.0,1.0,1.0,,0.42877814,0.6233802,,0.034098253,0.5411651,,,0.61904764,0.8657847,0.5714286,0.8525191,,,,,,,1.0,0.0,0.0,1.0,0.0,0.0,0.0,0.0,0.0,1.0,0.0,0.0,0.0,0.0,0.0,0.0,0.0,0.0,0.0,1.0,0.0,0.0,0.0,0.0,0.0,1.0,0.0,0.0,0.0,0.0,0.0,0.0,0.0,1.0,0.0,0.0,0.0,0.0,0.0,0.0,0.0,0.0,0.0,0.0,0.0,1.0,0.0,0.0,0.0
272341_1_100 4:106180838 G>T,0.0,0.9999863384171901,0.9997327887966565,0.0,true,0.8152429889703617,0.007083,,,,,,,,,,,293.0,26.6,0.75181,1.09737,218.0,0.0069,0.0,0.0,1.9,109.0,15885.0,109.0,15771.0,0.0069,11132.0,4639.0,79.0,30.0,0.0,3.5714285,0.0,3.5714285,2.7777777,1.0,1.0,1189.0,118.0,16385.0,0.007083,11680.0,4705.0,88.0,30.0,0.0,3.5714285,0.0,3.5714285,2.7777777,4.0,1.0,93.0,33.0,93.0,203.42,123.0,16314.0,0.007113,11655.0,4659.0,93.0,30.0,0.0,1.0,3.5714285,0.0,3.5714285,2.7777777,1.0,1.0,0.0,1.0,1.0,0.0828408,0.62208897,0.8219966,0.76611096,0.2983081,2.2020655,3.1,2.5016098,2.9333334,2.4824655,2.6333334,2.399655,45.0,45.0,220.0,246.0,60.0,60.0,1.0,0.0,0.0,1.0,0.0,0.0,0.0,0.0,0.0,1.0,0.0,0.0,0.0,0.0,0.0,0.0,0.0,1.0,0.0,0.0,0.0,0.0,0.0,0.0,0.0,1.0,0.0,0.0,0.0,0.0,0.0,0.0,0.0,0.0,1.0,0.0,0.0,0.0,0.0,0.0,0.0,0.0,0.0,0.0,0.0,0.0,0.0,1.0,0.0
887041_1_10 17:7579472 G>C,1.0,0.9999999961373092,0.9809529523967211,0.0,true,0.9605501907909743,0.038317,,,,,,,,,,,383.0,35.3,1.0e-5,1.37383,1764.0,0.0371,0.0,2.0,2.2,882.0,23778.0,882.0,22892.0,0.0371,10020.0,12872.0,319.0,563.0,0.0,16.666666,7.142857,3.5714285,16.666666,6.0,6.0,15413.0,950.0,23539.0,0.038317,10292.0,13247.0,355.0,595.0,0.0,16.666666,7.142857,3.5714285,16.666666,6.0,6.0,93.0,60.0,74.0,2094.22,945.0,23410.0,0.039,10156.0,13254.0,356.0,589.0,0.0,6.0,16.666666,7.142857,3.5714285,16.666666,6.0,1.0,1.0,1.0,1.0,0.4754778,0.09674466,0.14213909,0.30492216,2.9856005,18.652887,0.6044143,0.76625925,0.5966387,0.77693063,0.5666075,0.7784338,45.0,44.0,233.0,245.0,60.0,60.0,1.0,0.0,0.0,1.0,0.0,0.0,0.0,0.0,0.0,1.0,0.0,0.0,0.0,0.0,0.0,0.0,0.0,1.0,0.0,0.0,0.0,0.0,0.0,0.0,0.0,1.0,0.0,0.0,0.0,0.0,0.0,0.0,0.0,0.0,0.0,0.0,0.0,0.0,1.0,0.0,0.0,0.0,0.0,0.0,1.0,0.0,0.0,0.0,0.0
218281_1_100 17:7578534 C>G,1.0,0.604956290805952,0.9915508872149073,0.0,true,0.9540199100285889,0.004944,,,,,,,,,,,251.0,32.9,0.79222,1.12601,138.0,0.0051,0.0001,0.0,2.0,69.0,13507.0,69.0,13435.0,0.0051,4026.0,9409.0,19.0,50.0,0.0,3.5714285,3.5714285,3.5714285,0.0,5.0,2.0,467.0,72.0,14017.0,0.004944,4125.0,9892.0,20.0,52.0,0.0,3.5714285,3.5714285,3.5714285,0.0,6.0,3.0,93.0,63.0,1.0,105.1,73.0,13687.0,0.005244,4009.0,9678.0,20.0,53.0,0.0,2.0,3.5714285,3.5714285,3.5714285,0.0,2.0,1.0,1.0,1.0,1.0,0.28953514,0.85789794,1.047032,0.79416376,0.15925029,1.2925247,0.3773585,0.41423848,0.3846154,0.41700363,0.38,0.42788818,44.0,45.0,186.0,179.0,60.0,60.0,1.0,0.0,0.0,1.0,0.0,0.0,0.0,0.0,0.0,1.0,0.0,0.0,0.0,0.0,0.0,0.0,1.0,0.0,0.0,0.0,0.0,0.0,0.0,0.0,0.0,1.0,0.0,0.0,0.0,0.0,0.0,0.0,0.0,0.0,0.0,0.0,0.0,0.0,1.0,0.0,0.0,0.0,0.0,0.0,1.0,0.0,0.0,0.0,0.0
272341_1_1000 20:31022441 A>AG,0.9999999999999971,0.2674494431304468,0.7310079769430748,0.005242858109748187,true,0.9316232378928333,0.014267,544.0,8554.0,0.05979336,0.0,6.0,53.57143,53.57143,0.0,8.333333,6.0,319.0,33.1,0.08149,1.1605,1124.0,0.0154,0.0,8.0,1.9,562.0,36447.0,562.0,36418.0,0.0138,18152.0,18266.0,301.0,261.0,2.5234337e-9,53.57143,53.57143,0.0,8.333333,6.0,6.0,5269.0,628.0,43627.0,0.014267,21694.0,21933.0,337.0,291.0,1.8753976e-6,53.57143,53.57143,0.0,8.333333,6.0,6.0,93.0,59.0,93.0,542.39,743.0,39145.0,0.017,19107.0,20038.0,374.0,369.0,1.088596e-29,6.0,53.57143,53.57143,0.0,8.333333,6.0,1.0,0.0,1.0,2.0,1.7135195,1.4621348,1.7668599,0.41825566,1.8731378,12.286102,1.0135502,0.9535383,1.1580756,0.9891032,1.1532567,0.9937589,44.0,29.0,212.0,193.0,60.0,60.0,1.0,0.0,0.0,1.0,0.0,0.0,0.0,0.0,0.0,0.0,1.0,1.0,0.0,1.0,0.0,0.0,0.0,0.0,0.0,0.0,0.0,0.0,0.0,0.0,0.0,0.0,0.0,1.0,0.0,0.0,0.0,0.0,0.0,0.0,0.0,0.0,1.0,0.0,0.0,0.0,0.0,0.0,0.0,1.0,0.0,0.0,0.0,0.0,0.0
809382_T 4:106157569 A>T,1.0,1.0,0.9999999999922164,0.0,true,0.9613021612498079,0.462821,,,,,,,,,,,572.0,20.9,0.11641,1.03765,28278.0,0.4713,0.0658,0.0,2.2,14139.0,29999.0,14139.0,15835.0,0.4711,6738.0,9097.0,5889.0,8250.0,0.0,0.0,0.0,0.0,0.0,1.0,1.0,49314.0,15237.0,16901.0,0.462821,7193.0,9708.0,6329.0,8908.0,0.0,0.0,0.0,0.0,0.0,6.0,1.0,93.0,33.0,93.0,53464.5,15067.0,16624.0,0.475,7116.0,9508.0,6309.0,8758.0,0.0,1.0,0.0,0.0,0.0,0.0,1.0,1.0,1.0,1.0,1.0,0.058449768,0.6156285,0.77296025,7.618324,49.072838,301.14435,0.72036994,0.7484224,0.710485,0.7409353,0.7138182,0.74068373,45.0,45.0,245.0,244.0,60.0,60.0,1.0,0.0,0.0,1.0,0.0,0.0,0.0,0.0,0.0,1.0,0.0,0.0,0.0,0.0,0.0,0.0,0.0,1.0,0.0,0.0,0.0,0.0,0.0,0.0,0.0,1.0,0.0,0.0,0.0,0.0,0.0,0.0,0.0,0.0,1.0,0.0,0.0,0.0,0.0,0.0,0.0,0.0,0.0,0.0,0.0,0.0,1.0,0.0,0.0
761809_T 4:106180783 T>TG,1.0,1.0,0.9999999969258284,1.0,true,0.9583524067427708,0.33766,4412.0,2716.0,0.6189675,0.0,2.0,0.0,0.0,0.0,0.0,2.0,495.0,34.2,0.89186,1.00562,10644.0,0.5449,0.0239,1.0,1.4,5322.0,9767.0,5322.0,9840.0,0.354,7289.0,2551.0,3948.0,1374.0,0.0,0.0,0.0,0.0,0.0,2.0,2.0,49314.0,5385.0,10701.0,0.33766,8122.0,2579.0,4159.0,1226.0,0.0,0.0,0.0,0.0,0.0,2.0,2.0,93.0,62.0,93.0,16821.2,5726.0,10009.0,0.364,7647.0,2362.0,4322.0,1404.0,0.0,2.0,0.0,0.0,0.0,0.0,2.0,1.0,1.0,1.0,2.0,0.5789229,1.2207973,1.3621575,2.377491,18.421019,106.34447,3.0783477,3.2375107,3.3923328,3.1492827,2.8733625,2.8573108,44.0,44.0,218.0,214.0,60.0,60.0,1.0,0.0,0.0,1.0,0.0,0.0,0.0,0.0,0.0,0.0,1.0,0.0,0.0,0.0,0.0,0.0,0.0,1.0,0.0,0.0,0.0,0.0,0.0,0.0,0.0,0.0,0.0,1.0,0.0,0.0,0.0,0.0,0.0,0.0,1.0,0.0,0.0,0.0,0.0,0.0,0.0,0.0,0.0,1.0,0.0,0.0,0.0,0.0,0.0
809382_1_10 4:106156379 A>G,0.0,0.11110711266422325,0.0002966269267048935,0.0,false,0.512109335706848,0.001645,,,,,,,,,,,189.0,12.7,0.02776,2.0808,82.0,0.0018,0.0,0.0,3.5,41.0,23128.0,41.0,23087.0,0.0018,11982.0,11105.0,14.0,27.0,1.3062945e-5,3.5714285,3.5714285,0.0,0.0,6.0,6.0,127.0,42.0,24795.0,0.001645,12528.0,12267.0,14.0,28.0,2.4453204e-5,3.5714285,3.5714285,0.0,0.0,6.0,6.0,,,,,,,,,,,,,,,,,,,1.0,1.0,1.0,1.0,,0.116429046,0.022779135,,0.061909813,0.69934607,,,0.5,1.0212766,0.5185185,1.0789734,,,,,,,1.0,0.0,0.0,1.0,0.0,0.0,0.0,0.0,0.0,1.0,0.0,0.0,0.0,0.0,0.0,0.0,0.0,0.0,0.0,1.0,0.0,0.0,0.0,0.0,0.0,1.0,0.0,0.0,0.0,0.0,0.0,0.0,0.0,0.0,1.0,0.0,0.0,0.0,0.0,0.0,0.0,0.0,0.0,0.0,0.0,1.0,0.0,0.0,0.0
809382_1_100 4:106157983 C>T,4.571163194292388e-14,0.9981909902029142,0.9735871806676766,0.0,true,0.8109469161647831,0.005849,,,,,,,,,,,273.0,33.5,0.72232,1.13002,206.0,0.0059,0.0002,0.0,2.2,103.0,17555.0,103.0,17452.0,0.0059,13535.0,3917.0,82.0,21.0,0.0,7.142857,7.142857,7.142857,2.7777777,5.0,1.0,799.0,110.0,18461.0,0.005849,14308.0,4153.0,88.0,22.0,0.0,7.142857,7.142857,7.142857,2.7777777,6.0,1.0,93.0,58.0,93.0,161.15,108.0,18265.0,0.00584,14217.0,4048.0,86.0,22.0,0.0,1.0,7.142857,7.142857,7.142857,2.7777777,1.0,1.0,1.0,1.0,1.0,0.070665345,0.45239943,0.6247106,0.7745268,0.27744943,2.0438843,3.909091,3.5121047,4.0,3.4452202,3.9047618,3.4554505,44.0,45.0,227.0,244.0,60.0,60.0,1.0,0.0,0.0,1.0,0.0,0.0,0.0,0.0,0.0,1.0,0.0,0.0,0.0,0.0,0.0,0.0,0.0,1.0,0.0,0.0,0.0,0.0,0.0,0.0,0.0,1.0,0.0,0.0,0.0,0.0,0.0,0.0,0.0,0.0,1.0,0.0,0.0,0.0,0.0,0.0,0.0,0.0,1.0,0.0,0.0,0.0,0.0,0.0,0.0
761809_T 4:106197631 A>G,0.0,0.1256355074757306,0.0006796041284054019,0.0,false,0.5137824204917714,0.001548,,,,,,,,,,,156.0,21.7,0.51337,1.2954,76.0,0.0018,0.0,0.0,2.2,38.0,21325.0,38.0,21247.0,0.0018,9145.0,12102.0,14.0,24.0,4.4555822e-8,0.0,0.0,0.0,0.0,6.0,2.0,107.0,43.0,22556.0,0.001548,9605.0,12951.0,15.0,28.0,1.6168086e-9,0.0,0.0,0.0,0.0,6.0,2.0,,,,,,,,,,,,,,,,,,,1.0,1.0,1.0,1.0,,0.06931086,0.23555535,,0.05148048,0.7191187,,,0.53571427,0.7416416,0.5833333,0.75566024,,,,,,,1.0,0.0,0.0,1.0,0.0,0.0,0.0,0.0,0.0,1.0,0.0,0.0,0.0,0.0,0.0,0.0,0.0,0.0,0.0,1.0,0.0,0.0,0.0,0.0,0.0,1.0,0.0,0.0,0.0,0.0,0.0,0.0,0.0,0.0,1.0,0.0,0.0,0.0,0.0,0.0,0.0,0.0,0.0,0.0,0.0,1.0,0.0,0.0,0.0
761809_T 4:106155286 A>G,0.0,4.470787927384447e-5,0.05721249288102602,0.0,false,0.5150400633152297,0.001368,,,,,,,,,,,176.0,30.3,1.0,1.00577,102.0,0.0013,0.0,1.0,3.3,51.0,39411.0,51.0,39356.0,0.0013,14715.0,24641.0,19.0,32.0,0.029655566,7.142857,0.0,7.142857,0.0,6.0,6.0,98.0,60.0,41996.0,0.001368,15670.0,26326.0,21.0,39.0,0.0033392992,7.142857,0.0,7.142857,0.0,6.0,6.0,,,,,,,,,,,,,,,,,,,1.0,1.0,1.0,1.0,,1.758713,1.611863,,0.09667427,1.0552533,,,0.53846157,0.595229,0.59375,0.5971754,,,,,,,1.0,0.0,0.0,1.0,0.0,0.0,0.0,0.0,0.0,1.0,0.0,0.0,0.0,0.0,0.0,0.0,0.0,0.0,0.0,1.0,0.0,0.0,0.0,0.0,0.0,1.0,0.0,0.0,0.0,0.0,0.0,0.0,0.0,0.0,1.0,0.0,0.0,0.0,0.0,0.0,0.0,0.0,0.0,0.0,0.0,1.0,0.0,0.0,0.0
809382_T 2:25470988 A>G,0.0,0.647018176428726,0.0008163952474599562,0.0,false,0.5698320608532362,0.001505,,,,,,,,,,,148.0,20.3,0.82516,1.09474,44.0,0.0012,0.0001,0.0,2.2,22.0,17618.0,22.0,17594.0,0.0012,11560.0,6034.0,14.0,8.0,0.00013817512,10.714286,10.714286,0.0,0.0,6.0,1.0,88.0,29.0,18176.0,0.001505,11950.0,6226.0,20.0,9.0,2.5216153e-7,10.714286,10.714286,0.0,0.0,6.0,1.0,,,,,,,,,,,,,,,,,,,1.0,1.0,1.0,1.0,,0.43806514,0.6517947,,0.0041426485,0.44230202,,,2.2222223,1.9193704,1.75,1.9158105,,,,,,,1.0,0.0,0.0,1.0,0.0,0.0,0.0,0.0,0.0,1.0,0.0,0.0,0.0,0.0,0.0,0.0,0.0,0.0,0.0,1.0,0.0,0.0,0.0,0.0,0.0,1.0,0.0,0.0,0.0,0.0,0.0,0.0,0.0,1.0,0.0,0.0,0.0,0.0,0.0,0.0,0.0,0.0,0.0,0.0,0.0,1.0,0.0,0.0,0.0
887041_1_10 4:106156163 G>A,1.0,0.9999999999995841,0.9935146950251418,0.0,true,0.9610476812221859,0.044294,,,,,,,,,,,392.0,21.7,1.0,1.00177,1586.0,0.0433,0.0011,0.0,2.3,793.0,18299.0,793.0,17504.0,0.0433,8358.0,9146.0,379.0,414.0,0.0,7.142857,7.142857,3.5714285,2.7777777,5.0,3.0,15311.0,857.0,18232.0,0.044294,8551.0,9681.0,401.0,456.0,0.0,7.142857,7.142857,3.5714285,2.7777777,6.0,3.0,93.0,27.0,63.0,2023.04,849.0,18004.0,0.045,8441.0,9563.0,395.0,454.0,0.0,3.0,7.142857,7.142857,3.5714285,2.7777777,3.0,1.0,1.0,1.0,1.0,0.05012967,0.44715026,0.6464729,0.35878363,2.6761968,16.814034,0.87004405,0.8826728,0.87938595,0.8832765,0.9154589,0.91384214,45.0,44.0,229.0,234.0,60.0,60.0,1.0,0.0,0.0,1.0,0.0,0.0,0.0,0.0,0.0,1.0,0.0,0.0,0.0,0.0,0.0,0.0,0.0,1.0,0.0,0.0,0.0,0.0,0.0,0.0,0.0,1.0,0.0,0.0,0.0,0.0,0.0,0.0,0.0,0.0,1.0,0.0,0.0,0.0,0.0,0.0,0.0,0.0,0.0,0.0,0.0,1.0,0.0,0.0,0.0
761809_1_5000 20:31022441 A>AG,0.9999999999999993,0.21392039604206797,0.6971267421336337,0.0018394978617209865,false,0.9277975358688051,0.013847,526.0,8537.0,0.05803818,0.0,6.0,53.57143,53.57143,0.0,8.333333,6.0,316.0,32.7,0.0922,1.15761,1090.0,0.015,0.0,8.0,1.9,545.0,36428.0,545.0,36403.0,0.0134,18143.0,18260.0,291.0,253.0,1.2980688e-7,53.57143,53.57143,0.0,8.333333,6.0,6.0,5034.0,609.0,43609.0,0.013847,21686.0,21923.0,326.0,283.0,4.85506e-5,53.57143,53.57143,0.0,8.333333,6.0,6.0,93.0,59.0,93.0,520.21,724.0,39126.0,0.017,19094.0,20032.0,363.0,361.0,2.0550358e-26,6.0,53.57143,53.57143,0.0,8.333333,6.0,1.0,0.0,1.0,2.0,1.7120246,1.4606206,1.7651494,0.42891574,1.8140383,11.910422,1.0055401,0.95317495,1.1519434,0.98918945,1.1501976,0.99359256,44.0,29.0,212.0,192.0,60.0,60.0,1.0,0.0,0.0,1.0,0.0,0.0,0.0,0.0,0.0,0.0,1.0,1.0,0.0,1.0,0.0,0.0,0.0,0.0,0.0,0.0,0.0,0.0,0.0,0.0,0.0,0.0,0.0,1.0,0.0,0.0,0.0,0.0,0.0,0.0,0.0,0.0,1.0,0.0,0.0,0.0,0.0,0.0,0.0,1.0,0.0,0.0,0.0,0.0,0.0
218281_1_10 17:7578534 C>G,1.0,0.9999999999659424,0.9994580362459186,0.0,true,0.9612809561135346,0.04779,,,,,,,,,,,388.0,30.1,0.02162,1.21149,1372.0,0.0501,0.0013,0.0,2.0,686.0,13700.0,686.0,13013.0,0.0501,3949.0,9064.0,237.0,449.0,0.0,3.5714285,3.5714285,3.5714285,0.0,5.0,2.0,11459.0,706.0,13578.0,0.04779,4047.0,9531.0,240.0,466.0,0.0,3.5714285,3.5714285,3.5714285,0.0,6.0,3.0,93.0,63.0,11.0,1743.88,698.0,13266.0,0.05,3940.0,9326.0,239.0,459.0,0.0,2.0,3.5714285,3.5714285,3.5714285,0.0,2.0,1.0,1.0,1.0,1.0,0.32265973,0.90049696,1.088751,0.44350323,2.304217,13.828367,0.5206972,0.4224748,0.51502144,0.42461443,0.52783966,0.4356796,44.0,45.0,183.0,162.0,60.0,60.0,1.0,0.0,0.0,1.0,0.0,0.0,0.0,0.0,0.0,1.0,0.0,0.0,0.0,0.0,0.0,0.0,1.0,0.0,0.0,0.0,0.0,0.0,0.0,0.0,0.0,1.0,0.0,0.0,0.0,0.0,0.0,0.0,0.0,0.0,0.0,0.0,0.0,0.0,1.0,0.0,0.0,0.0,0.0,0.0,1.0,0.0,0.0,0.0,0.0
736399_1_100 4:106180784 G>GN,0.0,0.13819553459376235,0.0,0.0015786819075140632,false,0.5149329584446768,0.005443,23.0,2354.0,0.0096760625,5.9037837e-38,2.0,0.0,0.0,0.0,0.0,2.0,,,,,,,,,,,,,,,,,,,,,,,,,,1220.0,76.0,14114.0,0.005443,10624.0,3490.0,65.0,11.0,0.0,0.0,0.0,0.0,0.0,2.0,2.0,,,,,,,,,,,,,,,,,,,1.0,1.0,1.0,2.0,,,1.0378139,,,1.3716153,,,5.909091,3.044126,,,,,,,,,1.0,0.0,0.0,0.0,1.0,0.0,0.0,0.0,0.0,0.0,1.0,0.0,0.0,0.0,0.0,0.0,0.0,0.0,0.0,1.0,0.0,0.0,0.0,0.0,0.0,0.0,0.0,1.0,0.0,0.0,0.0,0.0,0.0,0.0,1.0,0.0,0.0,0.0,0.0,0.0,0.0,0.0,0.0,1.0,0.0,0.0,0.0,0.0,0.0
272341_1_1000 4:106193940 A>T,0.0,0.0024723774619557115,0.04234168413277275,0.0,false,0.5113963919827431,0.00154,,,,,,,,,,,210.0,27.6,0.46959,1.26269,76.0,0.0015,0.0002,0.0,2.1,38.0,26047.0,38.0,25990.0,0.0015,19033.0,6957.0,26.0,12.0,4.641063e-19,2.7777777,0.0,0.0,2.7777777,5.0,5.0,128.0,43.0,27442.0,0.00154,20267.0,7175.0,31.0,12.0,1.143975e-21,2.7777777,0.0,0.0,2.7777777,6.0,5.0,,,,,,,,,,,,,,,,,,,1.0,1.0,1.0,1.0,,0.40947413,0.22877006,,0.05148048,0.7191187,,,2.5833333,2.824669,2.1666667,2.7358057,,,,,,,1.0,0.0,0.0,1.0,0.0,0.0,0.0,0.0,0.0,1.0,0.0,0.0,0.0,0.0,0.0,0.0,0.0,0.0,0.0,1.0,0.0,0.0,0.0,0.0,0.0,1.0,0.0,0.0,0.0,0.0,0.0,0.0,0.0,0.0,1.0,0.0,0.0,0.0,0.0,0.0,0.0,0.0,0.0,0.0,0.0,0.0,1.0,0.0,0.0
887041_1_100 20:31022441 A>AG,0.0,0.3544715655850633,0.4790351411124186,0.98401436127566,true,0.6415192765493581,0.01586,513.0,6358.0,0.07466162,0.0,6.0,53.57143,53.57143,0.0,8.333333,6.0,314.0,30.2,0.69521,1.03569,1074.0,0.0168,0.0,8.0,2.0,537.0,31973.0,537.0,31952.0,0.0151,16256.0,15696.0,268.0,268.0,5.918566e-14,53.57143,53.57143,0.0,8.333333,6.0,6.0,5410.0,610.0,38048.0,0.01586,19332.0,18716.0,306.0,304.0,2.9654872e-12,53.57143,53.57143,0.0,8.333333,6.0,6.0,93.0,59.0,93.0,560.8,671.0,33838.0,0.019,16809.0,17029.0,362.0,358.0,8.20239e-32,6.0,53.57143,53.57143,0.0,8.333333,6.0,1.0,0.0,1.0,2.0,1.2959607,1.0113118,1.2366774,0.45865175,1.7862267,11.930196,1.0111731,0.9870809,1.0065789,1.032913,1.0,1.0356779,44.0,29.0,200.0,186.0,60.0,60.0,1.0,0.0,0.0,1.0,0.0,0.0,0.0,0.0,0.0,0.0,1.0,1.0,0.0,1.0,1.0,0.0,0.0,0.0,0.0,0.0,0.0,0.0,0.0,0.0,0.0,0.0,0.0,1.0,0.0,0.0,0.0,0.0,0.0,0.0,0.0,0.0,1.0,0.0,0.0,0.0,0.0,0.0,0.0,1.0,0.0,0.0,0.0,0.0,0.0
736399_T 17:58740521 G>T,1.0,1.0,0.9973767568775052,0.0,true,0.9611994192830707,0.462835,,,,,,,,,,,598.0,30.6,0.01046,1.04645,48278.0,0.471,0.0022,1.0,2.2,24139.0,51250.0,24139.0,27033.0,0.4708,14034.0,12999.0,12258.0,11881.0,0.0,5.5555553,3.5714285,0.0,5.5555553,6.0,5.0,49314.0,25698.0,28261.0,0.462835,14733.0,13528.0,13127.0,12571.0,0.0,5.5555553,3.5714285,0.0,5.5555553,6.0,5.0,93.0,40.0,93.0,87173.8,24442.0,26764.0,0.477,13903.0,12861.0,12506.0,11936.0,0.0,3.0,5.5555553,3.5714285,0.0,5.5555553,3.0,1.0,1.0,1.0,1.0,0.7393731,0.5147604,0.3066011,12.878232,83.83729,507.98575,1.0477546,1.0810201,1.0442288,1.0890745,1.0317314,1.0796216,45.0,45.0,215.0,216.0,60.0,60.0,1.0,0.0,0.0,1.0,0.0,0.0,0.0,0.0,0.0,1.0,0.0,0.0,0.0,0.0,0.0,0.0,0.0,1.0,0.0,0.0,0.0,0.0,0.0,0.0,0.0,1.0,0.0,0.0,0.0,0.0,0.0,0.0,0.0,0.0,0.0,1.0,0.0,0.0,0.0,0.0,0.0,0.0,0.0,0.0,0.0,0.0,0.0,1.0,0.0
736399_T 4:106156187 C>T,1.0,1.0,0.9999845711582452,0.0,true,0.9613015577279505,0.482953,,,,,,,,,,,562.0,28.7,0.21297,1.03478,23136.0,0.4891,0.0,1.0,2.2,11568.0,23653.0,11568.0,12066.0,0.4889,4208.0,7858.0,3945.0,7623.0,0.0,3.5714285,3.5714285,0.0,0.0,6.0,3.0,49314.0,12593.0,12703.0,0.482953,4360.0,8343.0,4249.0,8344.0,0.0,3.5714285,3.5714285,0.0,0.0,6.0,4.0,16.0,51.0,50.0,37987.8,12365.0,12639.0,0.497,4317.0,8322.0,4083.0,8282.0,0.0,3.0,3.5714285,3.5714285,0.0,0.0,3.0,1.0,1.0,1.0,1.0,0.37199256,0.99609244,1.1719037,6.102348,40.134895,248.86552,0.49299687,0.5187455,0.50922817,0.5225938,0.5175128,0.53550524,45.0,45.0,238.0,239.0,60.0,60.0,1.0,0.0,0.0,1.0,0.0,0.0,0.0,0.0,0.0,1.0,0.0,0.0,0.0,0.0,0.0,0.0,0.0,1.0,0.0,0.0,0.0,0.0,0.0,0.0,0.0,1.0,0.0,0.0,0.0,0.0,0.0,0.0,0.0,0.0,1.0,0.0,0.0,0.0,0.0,0.0,0.0,0.0,1.0,0.0,0.0,0.0,0.0,0.0,0.0
272341_1_1000 4:106190862 T>C,0.0,0.00010202531766945667,0.05103740971238899,0.0,true,0.5134243050568147,0.001461,,,,,,,,,,,182.0,42.4,0.11923,2.02753,54.0,0.0014,0.0,0.0,1.9,27.0,19028.0,27.0,18999.0,0.0014,3267.0,15732.0,8.0,19.0,0.00032776088,0.0,0.0,0.0,0.0,6.0,1.0,69.0,30.0,19819.0,0.001461,3370.0,16449.0,8.0,22.0,7.977709e-5,0.0,0.0,0.0,0.0,6.0,1.0,,,,,,,0.00150905,,,,,1.0,,,,,,,1.0,1.0,1.0,1.0,,0.29623657,0.4956574,,0.013239578,0.46207464,,,0.36363637,0.20487568,0.42105263,0.2076659,,,,,,,1.0,0.0,0.0,1.0,0.0,0.0,0.0,0.0,0.0,1.0,0.0,0.0,0.0,0.0,0.0,0.0,0.0,0.0,0.0,1.0,0.0,0.0,0.0,0.0,0.0,1.0,0.0,0.0,0.0,0.0,0.0,0.0,0.0,0.0,1.0,0.0,0.0,0.0,0.0,0.0,0.0,0.0,1.0,0.0,0.0,0.0,0.0,0.0,0.0
887041_1_100 2:25467083 G>A,5.442648174023947e-16,0.9620542229332235,0.9167177388659287,0.0,true,0.7991067565967779,0.004823,,,,,,,,,,,245.0,26.4,0.68267,1.14034,130.0,0.0046,0.0002,0.0,2.3,65.0,14168.0,65.0,14103.0,0.0046,9942.0,4161.0,44.0,21.0,4.0998464e-37,8.333333,7.142857,3.5714285,8.333333,6.0,3.0,596.0,71.0,14494.0,0.004823,10234.0,4260.0,49.0,22.0,7.9414e-41,8.333333,7.142857,3.5714285,8.333333,6.0,3.0,93.0,48.0,93.0,98.31,71.0,14377.0,0.004888,10139.0,4238.0,49.0,22.0,4.9769e-41,3.0,8.333333,7.142857,3.5714285,8.333333,3.0,1.0,1.0,1.0,1.0,0.23524542,0.79046625,1.0017018,0.7952859,0.14534451,1.2727522,2.2272727,2.3924022,2.2272727,2.4023473,2.0952382,2.3893294,45.0,44.0,202.0,204.0,60.0,60.0,1.0,0.0,0.0,1.0,0.0,0.0,0.0,0.0,0.0,1.0,0.0,1.0,0.0,0.0,0.0,0.0,0.0,0.0,1.0,0.0,0.0,0.0,0.0,0.0,0.0,1.0,0.0,0.0,0.0,0.0,0.0,0.0,0.0,1.0,0.0,0.0,0.0,0.0,0.0,0.0,0.0,0.0,0.0,0.0,0.0,1.0,0.0,0.0,0.0
761809_T 2:25464501 GT>G,1.0,0.9999999999999849,0.9696260354822847,1.0,true,0.957058825338058,0.08083,1063.0,4620.0,0.18704909,0.0,2.0,0.0,0.0,0.0,0.0,2.0,416.0,24.8,0.95131,1.00432,2598.0,0.0833,0.0049,0.0,1.1,1299.0,15593.0,1299.0,14274.0,0.0833,4887.0,9387.0,446.0,853.0,0.0,0.0,0.0,0.0,0.0,2.0,2.0,38461.0,1340.0,15423.0,0.08083,5327.0,10096.0,452.0,888.0,0.0,0.0,0.0,0.0,0.0,2.0,2.0,93.0,33.0,93.0,3487.92,1382.0,15265.0,0.083,5138.0,10127.0,466.0,916.0,0.0,2.0,0.0,0.0,0.0,0.0,2.0,1.0,1.0,2.0,1.0,0.16537692,0.77320457,0.9134173,0.059740283,4.435278,26.36421,0.50873363,0.5073566,0.509009,0.5276347,0.52286047,0.5206136,44.0,44.0,255.0,257.0,60.0,60.0,1.0,0.0,0.0,1.0,0.0,0.0,0.0,0.0,0.0,0.0,1.0,0.0,0.0,0.0,0.0,0.0,0.0,1.0,0.0,0.0,0.0,0.0,0.0,0.0,0.0,0.0,1.0,0.0,0.0,0.0,0.0,0.0,0.0,1.0,0.0,0.0,0.0,0.0,0.0,0.0,0.0,0.0,0.0,1.0,0.0,0.0,0.0,0.0,0.0
887041_1_100 4:106156163 G>A,1.0,0.9998924560849058,0.9692875477735581,0.0,true,0.9600809611520403,0.0057,,,,,,,,,,,268.0,20.0,0.61974,1.11845,204.0,0.0055,0.0002,0.0,2.3,102.0,18472.0,102.0,18370.0,0.0055,8796.0,9574.0,46.0,56.0,0.0,7.142857,7.142857,3.5714285,2.7777777,5.0,3.0,991.0,111.0,19116.0,0.0057,8989.0,10127.0,48.0,63.0,0.0,7.142857,7.142857,3.5714285,2.7777777,6.0,3.0,93.0,27.0,18.0,163.8,113.0,18890.0,0.005789,8878.0,10012.0,49.0,64.0,0.0,3.0,7.142857,7.142857,3.5714285,2.7777777,3.0,1.0,1.0,1.0,1.0,0.119840816,0.35973135,0.5624648,0.77172154,0.273973,2.063657,0.765625,0.8867359,0.7619048,0.8876271,0.8214286,0.91873825,45.0,44.0,229.0,234.0,60.0,60.0,1.0,0.0,0.0,1.0,0.0,0.0,0.0,0.0,0.0,1.0,0.0,0.0,0.0,0.0,0.0,0.0,0.0,1.0,0.0,0.0,0.0,0.0,0.0,0.0,0.0,1.0,0.0,0.0,0.0,0.0,0.0,0.0,0.0,0.0,1.0,0.0,0.0,0.0,0.0,0.0,0.0,0.0,0.0,0.0,0.0,1.0,0.0,0.0,0.0
887041_1_5000 4:106197574 GTC>G,0.0,0.0005462739771644676,0.16691480364952402,0.0,false,0.5438242264064804,0.004553,94.0,3991.0,0.023011016,0.0,1.0,3.5714285,0.0,3.5714285,2.7777777,5.0,283.0,26.7,1.0,1.00206,228.0,0.0049,0.0003,3.0,0.9,114.0,23438.0,114.0,23316.0,0.0049,15124.0,8192.0,74.0,40.0,0.0,3.5714285,0.0,3.5714285,2.7777777,2.0,2.0,1741.0,110.0,24510.0,0.004553,15905.0,8605.0,71.0,39.0,0.0,3.5714285,0.0,3.5714285,2.7777777,5.0,2.0,93.0,39.0,93.0,182.41,114.0,23291.0,0.004888,14915.0,8376.0,73.0,41.0,0.0,2.0,3.5714285,0.0,3.5714285,2.7777777,2.0,1.0,1.0,3.0,1.0,0.46611482,0.13954559,0.0498632,0.7711605,0.31569034,2.0438843,1.7804878,1.7806829,1.8205128,1.848344,1.85,1.8461914,45.0,45.0,207.0,208.0,60.0,60.0,1.0,0.0,0.0,1.0,0.0,0.0,0.0,0.0,0.0,0.0,1.0,0.0,0.0,0.0,0.0,0.0,0.0,1.0,0.0,0.0,0.0,0.0,0.0,0.0,0.0,0.0,1.0,0.0,0.0,0.0,0.0,0.0,0.0,0.0,1.0,0.0,0.0,0.0,0.0,0.0,0.0,0.0,0.0,1.0,0.0,0.0,0.0,0.0,0.0
736399_1_100 20:31022441 A>AG,0.0,0.25819123817555395,0.2830455886307953,0.6095661762589513,false,0.589724629734881,0.016686,448.0,6265.0,0.066736184,0.0,6.0,53.57143,53.57143,0.0,8.333333,6.0,294.0,33.2,0.88725,1.01727,916.0,0.0186,0.0,8.0,2.2,458.0,24637.0,458.0,24622.0,0.0159,12928.0,11694.0,238.0,219.0,1.3201172e-18,53.57143,53.57143,0.0,8.333333,6.0,6.0,4815.0,534.0,31618.0,0.016686,16521.0,15097.0,261.0,273.0,3.016958e-14,53.57143,53.57143,0.0,8.333333,6.0,6.0,93.0,59.0,93.0,473.26,616.0,28599.0,0.019,14770.0,13829.0,438.0,423.0,3.0012388e-38,6.0,53.57143,53.57143,0.0,8.333333,6.0,1.0,0.0,1.0,2.0,0.8837522,0.27138054,0.6256229,0.48950988,1.5115875,10.427476,1.035461,1.0680454,0.95604396,1.0943234,1.086758,1.1055242,44.0,29.0,224.0,204.0,60.0,60.0,1.0,0.0,0.0,1.0,0.0,0.0,0.0,0.0,0.0,0.0,1.0,1.0,0.0,1.0,1.0,0.0,0.0,0.0,0.0,0.0,0.0,0.0,0.0,0.0,0.0,0.0,0.0,1.0,0.0,0.0,0.0,0.0,0.0,0.0,0.0,0.0,1.0,0.0,0.0,0.0,0.0,0.0,0.0,1.0,0.0,0.0,0.0,0.0,0.0
272341_T 20:31022441 A>AG,1.0,1.0,0.9999733926623338,0.9999999205693552,true,0.9583512904256449,0.350013,11266.0,9009.0,0.55565965,0.0,6.0,53.57143,53.57143,0.0,8.333333,6.0,569.0,40.7,0.30112,1.02536,23648.0,0.7115,0.0,8.0,1.2,11824.0,16619.0,11824.0,16704.0,0.3759,8564.0,8140.0,6136.0,5688.0,0.0,53.57143,53.57143,0.0,8.333333,6.0,6.0,49314.0,12171.0,22104.0,0.350013,11358.0,10746.0,6419.0,5752.0,0.0,53.57143,53.57143,0.0,8.333333,6.0,6.0,93.0,59.0,93.0,26146.5,12258.0,19067.0,0.388,9682.0,9385.0,6652.0,6331.0,0.0,6.0,53.57143,53.57143,0.0,8.333333,6.0,1.0,0.0,1.0,2.0,0.1337673,0.5279067,0.27850974,6.042315,41.024864,240.52148,1.0507029,1.0316463,1.1159596,1.0569514,1.0787623,1.0520885,45.0,45.0,247.0,248.0,60.0,60.0,1.0,0.0,0.0,1.0,0.0,0.0,0.0,0.0,0.0,0.0,1.0,0.0,0.0,0.0,1.0,0.0,0.0,0.0,0.0,0.0,0.0,0.0,0.0,0.0,0.0,0.0,0.0,1.0,0.0,0.0,0.0,0.0,0.0,0.0,0.0,0.0,1.0,0.0,0.0,0.0,0.0,0.0,0.0,1.0,0.0,0.0,0.0,0.0,0.0
272341_1_1000 4:106155751 G>A,0.0,0.9907173013126526,0.9829029037212671,0.0,true,0.8119502370389342,0.001222,,,,,,,,,,,231.0,33.1,0.04899,1.76925,106.0,0.0012,0.0,0.0,1.9,53.0,43259.0,53.0,43206.0,0.0012,25673.0,17533.0,24.0,29.0,0.0,7.142857,7.142857,0.0,0.0,6.0,1.0,126.0,56.0,45270.0,0.001222,26582.0,18688.0,24.0,32.0,0.0,7.142857,7.142857,0.0,0.0,6.0,1.0,,,,,,,0.00123188,,,,,0.0,,,,,,,1.0,1.0,1.0,1.0,,2.1473536,1.9229971,,0.10362716,0.9761628,,,0.75,1.4224101,0.82758623,1.4642674,,,,,,,1.0,0.0,0.0,1.0,0.0,0.0,0.0,0.0,0.0,1.0,0.0,0.0,0.0,0.0,0.0,0.0,0.0,0.0,0.0,1.0,0.0,0.0,0.0,0.0,0.0,1.0,0.0,0.0,0.0,0.0,0.0,0.0,0.0,0.0,1.0,0.0,0.0,0.0,0.0,0.0,0.0,0.0,0.0,0.0,0.0,1.0,0.0,0.0,0.0
887041_1_10 2:198265526 A>G,1.0,0.9999999999999987,0.9992143166421458,0.0,true,0.961271416588331,0.043355,,,,,,,,,,,430.0,33.4,0.08161,1.09067,3394.0,0.042,0.0,0.0,2.2,1697.0,40379.0,1697.0,38674.0,0.042,20891.0,17783.0,880.0,817.0,0.0,0.0,0.0,0.0,0.0,6.0,6.0,31462.0,1885.0,40418.0,0.043355,21808.0,18610.0,967.0,918.0,0.0,0.0,0.0,0.0,0.0,6.0,6.0,93.0,40.0,93.0,4242.89,1809.0,38771.0,0.044,21347.0,17424.0,945.0,864.0,0.0,6.0,0.0,0.0,0.0,0.0,6.0,1.0,1.0,1.0,1.0,1.6840929,1.6898682,1.4619029,0.17983103,5.8189034,37.14029,1.09375,1.2251493,1.0533769,1.171843,1.0771114,1.1747737,45.0,44.0,208.0,216.0,60.0,60.0,1.0,0.0,0.0,1.0,0.0,0.0,0.0,0.0,0.0,1.0,0.0,0.0,0.0,0.0,0.0,0.0,0.0,1.0,0.0,0.0,0.0,0.0,0.0,0.0,0.0,1.0,0.0,0.0,0.0,0.0,0.0,0.0,0.0,0.0,0.0,0.0,0.0,0.0,0.0,0.0,1.0,0.0,0.0,0.0,0.0,1.0,0.0,0.0,0.0
887041_1_1000 4:106196951 A>G,0.0,0.2575340960588405,0.09123792136094583,0.0,true,0.5516917182041688,0.001455,,,,,,,,,,,163.0,21.0,0.84054,1.10891,50.0,0.0013,0.0002,2.0,2.6,25.0,19336.0,25.0,19310.0,0.0013,8008.0,11302.0,11.0,14.0,0.0,3.5714285,3.5714285,0.0,0.0,6.0,6.0,114.0,30.0,20000.0,0.001455,8170.0,11830.0,12.0,18.0,0.0,3.5714285,3.5714285,0.0,0.0,6.0,6.0,,,,,,,0.0014938,,,,,1.0,,,,,,,1.0,1.0,1.0,1.0,,0.26484248,0.47845668,,0.0062866877,0.46207464,,,0.6666667,0.6906171,0.78571427,0.7085472,,,,,,,1.0,0.0,0.0,1.0,0.0,0.0,0.0,0.0,0.0,1.0,0.0,0.0,0.0,0.0,0.0,0.0,0.0,0.0,0.0,1.0,0.0,0.0,0.0,0.0,0.0,1.0,0.0,0.0,0.0,0.0,0.0,0.0,0.0,0.0,1.0,0.0,0.0,0.0,0.0,0.0,0.0,0.0,0.0,0.0,0.0,1.0,0.0,0.0,0.0
272341_1_1000 2:25457243 G>A,0.0,0.03413245016685694,0.10059060544154849,0.0,false,0.5301031472917075,0.001808,,,,,,,,,,,203.0,16.2,0.2976,1.49245,66.0,0.0019,0.0001,0.0,2.0,33.0,17738.0,33.0,17704.0,0.0019,8149.0,9555.0,12.0,21.0,1.3058701e-12,0.0,0.0,0.0,0.0,6.0,5.0,141.0,34.0,18493.0,0.001808,8582.0,9911.0,13.0,21.0,1.0361136e-12,0.0,0.0,0.0,0.0,6.0,5.0,,,,,,,,,,,,,,,,,,,1.0,1.0,1.0,1.0,,0.42696112,0.6216696,,0.034098253,0.5411651,,,0.61904764,0.8659066,0.5714286,0.8528519,,,,,,,1.0,0.0,0.0,1.0,0.0,0.0,0.0,0.0,0.0,1.0,0.0,0.0,0.0,0.0,0.0,0.0,0.0,0.0,0.0,1.0,0.0,0.0,0.0,0.0,0.0,1.0,0.0,0.0,0.0,0.0,0.0,0.0,0.0,1.0,0.0,0.0,0.0,0.0,0.0,0.0,0.0,0.0,0.0,0.0,0.0,1.0,0.0,0.0,0.0
761809_1_10 4:106180783 T>TG,1.0,0.9999906417354791,0.9999498021669926,1.0,true,0.9583501382578763,0.026434,408.0,3983.0,0.09291733,0.0,2.0,0.0,0.0,0.0,0.0,2.0,353.0,35.0,0.24543,1.14033,962.0,0.0283,0.0019,1.0,1.4,481.0,16989.0,481.0,16985.0,0.0275,12580.0,4405.0,368.0,113.0,0.0,0.0,0.0,0.0,0.0,2.0,2.0,11421.0,481.0,17878.0,0.026434,13388.0,4490.0,379.0,102.0,0.0,0.0,0.0,0.0,0.0,2.0,2.0,93.0,62.0,93.0,911.9,520.0,17301.0,0.029,12960.0,4341.0,403.0,117.0,0.0,2.0,0.0,0.0,0.0,0.0,2.0,1.0,1.0,1.0,2.0,0.005182898,0.499541,0.68011415,0.5433713,1.5915458,9.379527,3.4444444,2.9854872,3.7156863,2.9817371,3.256637,2.8558457,45.0,44.0,222.0,216.0,60.0,60.0,1.0,0.0,0.0,1.0,0.0,0.0,0.0,0.0,0.0,0.0,1.0,0.0,0.0,0.0,0.0,0.0,0.0,1.0,0.0,0.0,0.0,0.0,0.0,0.0,0.0,0.0,0.0,1.0,0.0,0.0,0.0,0.0,0.0,0.0,1.0,0.0,0.0,0.0,0.0,0.0,0.0,0.0,0.0,1.0,0.0,0.0,0.0,0.0,0.0
761809_1_10 20:31022441 A>AG,0.9999999999999953,0.2027697949665127,0.6087458010735769,0.0014002859940986424,false,0.9209706950877217,0.013898,512.0,8401.0,0.05744418,0.0,6.0,53.57143,53.57143,0.0,8.333333,6.0,311.0,32.5,0.25722,1.10507,1068.0,0.015,0.0,8.0,1.9,534.0,35682.0,534.0,35658.0,0.0134,17874.0,17784.0,281.0,253.0,1.5244585e-7,53.57143,53.57143,0.0,8.333333,6.0,6.0,4961.0,600.0,42803.0,0.013898,21421.0,21382.0,318.0,282.0,3.8129056e-5,53.57143,53.57143,0.0,8.333333,6.0,6.0,93.0,59.0,93.0,537.65,724.0,38388.0,0.017,18874.0,19514.0,362.0,362.0,2.0542626e-28,6.0,53.57143,53.57143,0.0,8.333333,6.0,1.0,0.0,1.0,2.0,1.6539582,1.3854163,1.6885537,0.42891574,1.7757974,11.73247,1.0,0.967203,1.1276596,1.001824,1.1106719,1.0050607,44.0,29.0,213.0,192.0,60.0,60.0,1.0,0.0,0.0,1.0,0.0,0.0,0.0,0.0,0.0,0.0,1.0,1.0,0.0,1.0,0.0,0.0,0.0,0.0,0.0,0.0,0.0,0.0,0.0,0.0,0.0,0.0,0.0,1.0,0.0,0.0,0.0,0.0,0.0,0.0,0.0,0.0,1.0,0.0,0.0,0.0,0.0,0.0,0.0,1.0,0.0,0.0,0.0,0.0,0.0
736399_1_10 17:58740521 G>T,1.0,0.9999999999971894,0.9756759415071883,0.0,true,0.9603393896351353,0.056425,,,,,,,,,,,451.0,29.9,0.64917,1.02124,4110.0,0.058,0.0004,1.0,2.2,2055.0,35431.0,2055.0,33368.0,0.0569,17403.0,15965.0,1061.0,994.0,0.0,5.5555553,3.5714285,0.0,5.5555553,6.0,5.0,36571.0,2184.0,36010.0,0.056425,18822.0,17188.0,1142.0,1042.0,0.0,5.5555553,3.5714285,0.0,5.5555553,6.0,5.0,93.0,40.0,93.0,5174.44,2045.0,33821.0,0.057,17554.0,16267.0,1075.0,970.0,0.0,3.0,5.5555553,3.5714285,0.0,5.5555553,3.0,1.0,1.0,1.0,1.0,1.2946231,1.1542507,1.0430026,0.31224045,7.063471,43.052303,1.1082474,1.0791172,1.0959693,1.0950663,1.0674044,1.090072,44.0,45.0,222.0,211.0,60.0,60.0,1.0,0.0,0.0,1.0,0.0,0.0,0.0,0.0,0.0,1.0,0.0,0.0,0.0,0.0,0.0,0.0,0.0,1.0,0.0,0.0,0.0,0.0,0.0,0.0,0.0,1.0,0.0,0.0,0.0,0.0,0.0,0.0,0.0,0.0,0.0,1.0,0.0,0.0,0.0,0.0,0.0,0.0,0.0,0.0,0.0,0.0,0.0,1.0,0.0
761809_1_1000 2:25457243 G>A,0.0,0.03405900090457135,0.10103691405340044,0.0,false,0.5302121178905003,0.00181,,,,,,,,,,,203.0,16.2,0.29767,1.49174,66.0,0.0019,0.0001,0.0,2.0,33.0,17723.0,33.0,17689.0,0.0019,8140.0,9549.0,12.0,21.0,1.2794701e-12,0.0,0.0,0.0,0.0,6.0,5.0,141.0,34.0,18478.0,0.00181,8573.0,9905.0,13.0,21.0,1.0156328e-12,0.0,0.0,0.0,0.0,6.0,5.0,,,,,,,,,,,,,,,,,,,1.0,1.0,1.0,1.0,,0.42847532,0.6230951,,0.034098253,0.5411651,,,0.61904764,0.86552244,0.5714286,0.8524453,,,,,,,1.0,0.0,0.0,1.0,0.0,0.0,0.0,0.0,0.0,1.0,0.0,0.0,0.0,0.0,0.0,0.0,0.0,0.0,0.0,1.0,0.0,0.0,0.0,0.0,0.0,1.0,0.0,0.0,0.0,0.0,0.0,0.0,0.0,1.0,0.0,0.0,0.0,0.0,0.0,0.0,0.0,0.0,0.0,0.0,0.0,1.0,0.0,0.0,0.0
761809_1_100 2:25457243 G>A,0.0,0.032582727476925984,0.09861993060331324,0.0,false,0.5294196889346566,0.001796,,,,,,,,,,,203.0,16.2,0.29755,1.493,66.0,0.0018,0.0001,0.0,2.0,33.0,17867.0,33.0,17833.0,0.0018,8210.0,9623.0,12.0,21.0,1.5551625e-12,0.0,0.0,0.0,0.0,6.0,5.0,140.0,34.0,18624.0,0.001796,8643.0,9981.0,13.0,21.0,1.2323621e-12,0.0,0.0,0.0,0.0,6.0,5.0,,,,,,,,,,,,,,,,,,,1.0,1.0,1.0,1.0,,0.41393915,0.60922045,,0.034098253,0.5411651,,,0.61904764,0.8659453,0.5714286,0.8531643,,,,,,,1.0,0.0,0.0,1.0,0.0,0.0,0.0,0.0,0.0,1.0,0.0,0.0,0.0,0.0,0.0,0.0,0.0,0.0,0.0,1.0,0.0,0.0,0.0,0.0,0.0,1.0,0.0,0.0,0.0,0.0,0.0,0.0,0.0,1.0,0.0,0.0,0.0,0.0,0.0,0.0,0.0,0.0,0.0,0.0,0.0,1.0,0.0,0.0,0.0
272341_1_100 4:106155751 G>A,1.0,0.9999999999677118,0.9999670602580463,0.0,true,0.9613008727515014,0.010792,,,,,,,,,,,375.0,34.3,0.02908,1.22696,930.0,0.0106,0.0001,0.0,2.0,465.0,43713.0,465.0,43248.0,0.0106,25698.0,17550.0,253.0,212.0,0.0,7.142857,7.142857,0.0,0.0,6.0,1.0,5311.0,500.0,45314.0,0.010792,26608.0,18706.0,266.0,234.0,0.0,7.142857,7.142857,0.0,0.0,6.0,1.0,93.0,30.0,93.0,907.61,481.0,43138.0,0.011,26367.0,16771.0,265.0,216.0,0.0,1.0,7.142857,7.142857,0.0,0.0,1.0,1.0,1.0,1.0,1.0,2.0276916,2.1515934,1.9271786,0.56525254,1.5359226,9.755207,1.2268518,1.5721781,1.1367521,1.4224313,1.1933962,1.4642735,45.0,45.0,221.0,276.0,60.0,60.0,1.0,0.0,0.0,1.0,0.0,0.0,0.0,0.0,0.0,1.0,0.0,0.0,0.0,0.0,0.0,0.0,0.0,1.0,0.0,0.0,0.0,0.0,0.0,0.0,0.0,1.0,0.0,0.0,0.0,0.0,0.0,0.0,0.0,0.0,1.0,0.0,0.0,0.0,0.0,0.0,0.0,0.0,0.0,0.0,0.0,1.0,0.0,0.0,0.0
809382_1_5000 4:106197542 A>G,0.0,0.05328750755469326,0.017610754606510872,0.0,false,0.5103993691953189,0.00148,,,,,,,,,,,177.0,24.9,0.88692,1.07316,100.0,0.0013,0.0,0.0,2.9,50.0,39206.0,50.0,39149.0,0.0013,17324.0,21825.0,23.0,27.0,0.02922529,0.0,0.0,0.0,0.0,6.0,6.0,144.0,62.0,40984.0,0.00148,18056.0,22928.0,29.0,33.0,0.00052924344,0.0,0.0,0.0,0.0,6.0,6.0,,,,,,,,,,,,,,,,,,,1.0,1.0,1.0,1.0,,1.7378173,1.5156908,,0.09319782,1.0947986,,,0.8787879,0.7875087,0.8518519,0.7937686,,,,,,,1.0,0.0,0.0,1.0,0.0,0.0,0.0,0.0,0.0,1.0,0.0,0.0,0.0,0.0,0.0,0.0,0.0,0.0,0.0,1.0,0.0,0.0,0.0,0.0,0.0,1.0,0.0,0.0,0.0,0.0,0.0,0.0,0.0,0.0,1.0,0.0,0.0,0.0,0.0,0.0,0.0,0.0,0.0,0.0,0.0,1.0,0.0,0.0,0.0
809382_1_10 20:31022441 A>G,0.0,0.4191373002400146,0.0,0.0,false,0.5452713691251496,0.003645,,,,,,,,,,,,,,,,,,,,,,,,,,,,,,,,,,,,595.0,127.0,32364.0,0.003645,17221.0,15143.0,107.0,20.0,1.8695773e-36,53.57143,53.57143,0.0,8.333333,6.0,6.0,,,,,,,,,,,,,,,,,,,1.0,0.0,1.0,1.0,,,0.69651663,,,2.380019,,,5.35,1.1372252,,,,,,,,,1.0,0.0,0.0,0.0,1.0,0.0,0.0,0.0,0.0,1.0,0.0,0.0,0.0,0.0,0.0,0.0,0.0,0.0,0.0,1.0,0.0,0.0,0.0,0.0,0.0,1.0,0.0,0.0,0.0,0.0,0.0,0.0,0.0,0.0,0.0,0.0,1.0,0.0,0.0,0.0,0.0,0.0,0.0,0.0,0.0,1.0,0.0,0.0,0.0
272341_1_1000 2:198266834 T>C,0.0,0.01905141408293712,0.04500934450417928,0.0,false,0.5138916856681677,0.002723,,,,,,,,,,,211.0,35.5,0.01761,2.36038,94.0,0.0024,0.0,0.0,2.7,47.0,19230.0,47.0,19183.0,0.0024,2674.0,16509.0,13.0,34.0,3.9525468e-13,10.714286,10.714286,0.0,0.0,6.0,3.0,235.0,59.0,21192.0,0.002723,2716.0,18476.0,14.0,45.0,1.2577368e-17,10.714286,10.714286,0.0,0.0,6.0,4.0,,,,,,,,,,,,,,,,,,,1.0,1.0,1.0,1.0,,0.27766258,0.36517873,,0.082768485,1.0354806,,,0.31111112,0.14700152,0.38235295,0.16197225,,,,,,,1.0,0.0,0.0,1.0,0.0,0.0,0.0,0.0,0.0,1.0,0.0,0.0,0.0,0.0,0.0,0.0,0.0,0.0,0.0,1.0,0.0,0.0,0.0,0.0,0.0,1.0,0.0,0.0,0.0,0.0,0.0,0.0,0.0,0.0,0.0,0.0,0.0,0.0,0.0,0.0,1.0,0.0,1.0,0.0,0.0,0.0,0.0,0.0,0.0
736399_1_10 4:106196829 T>G,1.0,0.9999999999978029,0.9986651647280784,0.0,true,0.9612499137474723,0.058598,,,,,,,,,,,443.0,26.6,0.04802,1.09953,3770.0,0.0596,0.0005,0.0,2.6,1885.0,31603.0,1885.0,29690.0,0.0596,15996.0,13694.0,971.0,914.0,0.0,3.5714285,3.5714285,0.0,0.0,3.0,3.0,33483.0,1999.0,31308.0,0.058598,16738.0,14570.0,1036.0,963.0,0.0,3.5714285,3.5714285,0.0,0.0,6.0,3.0,93.0,28.0,93.0,4661.22,1846.0,29254.0,0.059,15654.0,13600.0,949.0,897.0,0.0,3.0,3.5714285,3.5714285,0.0,0.0,3.0,0.0,1.0,1.0,1.0,0.93528813,0.7829729,0.59616303,0.20059013,6.472475,39.394367,1.057971,1.1510295,1.0758048,1.148799,1.0623633,1.1681029,44.0,45.0,214.0,204.0,60.0,60.0,1.0,0.0,0.0,1.0,0.0,0.0,0.0,0.0,0.0,1.0,0.0,1.0,0.0,0.0,0.0,0.0,0.0,0.0,0.0,0.0,0.0,0.0,0.0,0.0,0.0,1.0,0.0,0.0,0.0,0.0,0.0,0.0,0.0,0.0,1.0,0.0,0.0,0.0,0.0,0.0,0.0,0.0,0.0,0.0,0.0,0.0,0.0,1.0,0.0
736399_1_1000 4:106180784 G>GN,0.0,0.13936607543753088,0.0,0.003350195388342368,false,0.5150257585449698,0.005511,23.0,2319.0,0.009820666,4.224923e-38,2.0,0.0,0.0,0.0,0.0,2.0,,,,,,,,,,,,,,,,,,,,,,,,,,1224.0,76.0,13938.0,0.005511,10492.0,3446.0,65.0,11.0,0.0,0.0,0.0,0.0,0.0,2.0,2.0,,,,,,,,,,,,,,,,,,,1.0,1.0,1.0,2.0,,,1.0545394,,,1.3716153,,,5.909091,3.0446894,,,,,,,,,1.0,0.0,0.0,0.0,1.0,0.0,0.0,0.0,0.0,0.0,1.0,0.0,0.0,0.0,0.0,0.0,0.0,0.0,0.0,1.0,0.0,0.0,0.0,0.0,0.0,0.0,0.0,1.0,0.0,0.0,0.0,0.0,0.0,0.0,1.0,0.0,0.0,0.0,0.0,0.0,0.0,0.0,0.0,1.0,0.0,0.0,0.0,0.0,0.0
761809_1_100 4:106194000 A>T,0.0,0.9875867999823326,0.9038901153603814,0.0,true,0.7987168877717631,0.002597,,,,,,,,,,,249.0,20.1,0.80886,1.06543,136.0,0.0025,0.0,2.0,2.6,68.0,27032.0,68.0,26945.0,0.0025,14295.0,12650.0,35.0,33.0,1.0e-45,21.428572,21.428572,0.0,19.444445,2.0,2.0,387.0,78.0,29137.0,0.002597,15357.0,13780.0,40.0,38.0,0.0,21.428572,21.428572,0.0,19.444445,6.0,2.0,,,,,,,0.00266094,,,,,1.0,,,,,,,1.0,1.0,1.0,1.0,,0.5058772,0.38984898,,0.15577383,1.4111605,,,1.0526316,1.1144413,1.060606,1.1300396,,,,,,,1.0,0.0,0.0,1.0,0.0,0.0,0.0,0.0,0.0,1.0,0.0,0.0,0.0,0.0,0.0,0.0,0.0,0.0,0.0,1.0,0.0,0.0,0.0,0.0,0.0,1.0,0.0,0.0,0.0,0.0,0.0,0.0,0.0,0.0,1.0,0.0,0.0,0.0,0.0,0.0,0.0,0.0,0.0,0.0,0.0,0.0,1.0,0.0,0.0
218281_T 4:106197574 GTC>G,0.0,0.0028568123377583654,0.2626939898143651,0.0,false,0.5689236098390863,0.004525,,,,,,,,,,,307.0,24.8,0.1887,1.23431,326.0,0.005,0.0005,3.0,0.9,163.0,32802.0,163.0,32624.0,0.005,21221.0,11403.0,98.0,65.0,0.0,3.5714285,0.0,3.5714285,2.7777777,2.0,2.0,2412.0,153.0,34304.0,0.004525,22299.0,12005.0,92.0,61.0,0.0,3.5714285,0.0,3.5714285,2.7777777,5.0,2.0,93.0,37.0,93.0,259.37,161.0,32638.0,0.004916,20987.0,11651.0,96.0,65.0,0.0,2.0,3.5714285,0.0,3.5714285,2.7777777,2.0,1.0,1.0,3.0,1.0,1.2015438,1.0791472,0.8808783,0.7447908,0.48603615,2.894107,1.4769231,1.8013046,1.5081967,1.857476,1.5076923,1.8610015,45.0,45.0,207.0,197.0,60.0,60.0,1.0,0.0,0.0,1.0,0.0,0.0,0.0,0.0,0.0,1.0,0.0,0.0,0.0,0.0,0.0,0.0,0.0,1.0,0.0,0.0,0.0,0.0,0.0,0.0,0.0,0.0,1.0,0.0,0.0,0.0,0.0,0.0,0.0,0.0,1.0,0.0,0.0,0.0,0.0,0.0,0.0,0.0,0.0,1.0,0.0,0.0,0.0,0.0,0.0
736399_1_10 20:31022441 A>AG,0.0,0.22109521890377118,0.3458218649058584,0.317954863618198,false,0.6070868572192171,0.01617,449.0,6479.0,0.06480947,0.0,6.0,53.57143,53.57143,0.0,8.333333,6.0,294.0,33.4,0.53842,1.06192,912.0,0.0179,0.0,8.0,2.2,456.0,25491.0,456.0,25474.0,0.0153,13315.0,12159.0,231.0,224.0,5.069142e-16,53.57143,53.57143,0.0,8.333333,6.0,6.0,4740.0,534.0,32634.0,0.01617,16978.0,15656.0,253.0,281.0,2.7220262e-12,53.57143,53.57143,0.0,8.333333,6.0,6.0,93.0,59.0,93.0,470.23,620.0,29485.0,0.018,15167.0,14318.0,433.0,440.0,6.7064385e-36,6.0,53.57143,53.57143,0.0,8.333333,6.0,1.0,0.0,1.0,2.0,0.9534634,0.3573862,0.72217524,0.48726565,1.5046346,10.427476,0.9840909,1.059296,0.9003559,1.0844405,1.03125,1.0950736,44.0,29.0,222.0,205.0,60.0,60.0,1.0,0.0,0.0,1.0,0.0,0.0,0.0,0.0,0.0,0.0,1.0,1.0,0.0,1.0,1.0,0.0,0.0,0.0,0.0,0.0,0.0,0.0,0.0,0.0,0.0,0.0,0.0,1.0,0.0,0.0,0.0,0.0,0.0,0.0,0.0,0.0,1.0,0.0,0.0,0.0,0.0,0.0,0.0,1.0,0.0,0.0,0.0,0.0,0.0
809382_1_10 2:25536827 G>A,1.0,0.9999999999675719,0.9711242534079462,0.0,true,0.960156695869528,0.046403,,,,,,,,,,,417.0,21.6,0.58,1.03466,2222.0,0.047,0.0001,0.0,1.8,1111.0,23622.0,1111.0,22510.0,0.047,10790.0,11720.0,542.0,569.0,0.0,5.5555553,0.0,3.5714285,5.5555553,6.0,3.0,19834.0,1150.0,23317.0,0.046403,11201.0,12116.0,558.0,592.0,0.0,5.5555553,0.0,3.5714285,5.5555553,6.0,3.0,93.0,36.0,93.0,2812.44,1145.0,23102.0,0.047,11036.0,12066.0,555.0,590.0,0.0,3.0,5.5555553,0.0,3.5714285,5.5555553,3.0,1.0,1.0,1.0,1.0,0.45124415,0.058183435,0.16323616,0.19271077,3.7817063,22.60741,0.94067794,0.9146362,0.9425676,0.92448,0.9525483,0.92064846,45.0,45.0,208.0,216.0,60.0,60.0,1.0,0.0,0.0,1.0,0.0,0.0,0.0,0.0,0.0,1.0,0.0,0.0,0.0,0.0,0.0,0.0,0.0,1.0,0.0,0.0,0.0,0.0,0.0,0.0,0.0,1.0,0.0,0.0,0.0,0.0,0.0,0.0,0.0,1.0,0.0,0.0,0.0,0.0,0.0,0.0,0.0,0.0,0.0,0.0,0.0,1.0,0.0,0.0,0.0
272341_1_5000 20:31022441 A>AG,0.9999999999999989,0.2274227597593846,0.6907996538568474,0.00232983196215921,true,0.9277411880082153,0.013962,530.0,8541.0,0.058427956,0.0,6.0,53.57143,53.57143,0.0,8.333333,6.0,316.0,32.6,0.12117,1.14348,1096.0,0.015,0.0,8.0,1.9,548.0,36424.0,548.0,36396.0,0.0135,18144.0,18252.0,291.0,256.0,6.44322e-8,53.57143,53.57143,0.0,8.333333,6.0,6.0,5096.0,614.0,43600.0,0.013962,21683.0,21917.0,328.0,286.0,2.1260112e-5,53.57143,53.57143,0.0,8.333333,6.0,6.0,93.0,59.0,93.0,526.24,729.0,39121.0,0.017,19096.0,20025.0,365.0,364.0,2.6449029e-27,6.0,53.57143,53.57143,0.0,8.333333,6.0,1.0,0.0,1.0,2.0,1.7116312,1.4599141,1.764294,0.42611045,1.8244677,12.009286,1.0027473,0.953608,1.1468531,0.9893234,1.1367188,0.99408287,44.0,29.0,212.0,192.0,60.0,60.0,1.0,0.0,0.0,1.0,0.0,0.0,0.0,0.0,0.0,0.0,1.0,1.0,0.0,1.0,0.0,0.0,0.0,0.0,0.0,0.0,0.0,0.0,0.0,0.0,0.0,0.0,0.0,1.0,0.0,0.0,0.0,0.0,0.0,0.0,0.0,0.0,1.0,0.0,0.0,0.0,0.0,0.0,0.0,1.0,0.0,0.0,0.0,0.0,0.0
761809_1_1000 20:31022441 A>AG,0.9999999999999993,0.21617077933494175,0.6973053631512637,0.0017972610397738592,false,0.9278756054637411,0.01386,526.0,8542.0,0.058006175,0.0,6.0,53.57143,53.57143,0.0,8.333333,6.0,316.0,32.7,0.09223,1.15735,1090.0,0.015,0.0,8.0,1.9,545.0,36452.0,545.0,36425.0,0.0134,18156.0,18269.0,291.0,253.0,1.3127017e-7,53.57143,53.57143,0.0,8.333333,6.0,6.0,5045.0,610.0,43638.0,0.01386,21703.0,21935.0,327.0,283.0,4.4090917e-5,53.57143,53.57143,0.0,8.333333,6.0,6.0,93.0,59.0,93.0,521.17,725.0,39154.0,0.017,19111.0,20043.0,364.0,361.0,1.651008e-26,6.0,53.57143,53.57143,0.0,8.333333,6.0,1.0,0.0,1.0,2.0,1.7142276,1.4628415,1.7679052,0.42835468,1.8140383,11.930196,1.0083102,0.9535,1.155477,0.9894233,1.1501976,0.99381465,44.0,29.0,212.0,192.0,60.0,60.0,1.0,0.0,0.0,1.0,0.0,0.0,0.0,0.0,0.0,0.0,1.0,1.0,0.0,1.0,0.0,0.0,0.0,0.0,0.0,0.0,0.0,0.0,0.0,0.0,0.0,0.0,0.0,1.0,0.0,0.0,0.0,0.0,0.0,0.0,0.0,0.0,1.0,0.0,0.0,0.0,0.0,0.0,0.0,1.0,0.0,0.0,0.0,0.0,0.0
218281_1_10 4:106180823 C>T,1.0,0.9999999995802091,0.9916185628358407,0.0,true,0.9609729751030297,0.042925,,,,,,,,,,,380.0,25.4,0.85197,1.02106,1092.0,0.0443,0.0015,0.0,2.2,546.0,12335.0,546.0,11789.0,0.0443,7935.0,3854.0,370.0,176.0,0.0,10.714286,10.714286,3.5714285,2.7777777,6.0,5.0,9334.0,567.0,12480.0,0.042925,8561.0,3919.0,388.0,179.0,0.0,10.714286,10.714286,3.5714285,2.7777777,6.0,5.0,93.0,48.0,93.0,1365.12,555.0,12222.0,0.043,8387.0,3835.0,380.0,175.0,0.0,2.0,10.714286,10.714286,3.5714285,2.7777777,2.0,1.0,1.0,1.0,1.0,0.40480244,1.0240544,1.1930959,0.52373433,1.8175148,11.079972,2.1714287,2.1869621,2.1675978,2.184486,2.1022727,2.0588999,45.0,45.0,215.0,214.0,60.0,60.0,1.0,0.0,0.0,1.0,0.0,0.0,0.0,0.0,0.0,1.0,0.0,0.0,0.0,0.0,0.0,0.0,0.0,1.0,0.0,0.0,0.0,0.0,0.0,0.0,0.0,1.0,0.0,0.0,0.0,0.0,0.0,0.0,0.0,0.0,1.0,0.0,0.0,0.0,0.0,0.0,0.0,0.0,1.0,0.0,0.0,0.0,0.0,0.0,0.0
272341_1_10 4:106155751 G>A,1.0,1.0,0.9999087992163362,0.0,true,0.9612985936642842,0.091739,,,,,,,,,,,509.0,33.5,0.03611,1.07279,8116.0,0.0923,0.0018,0.0,2.0,4058.0,43970.0,4058.0,39910.0,0.0923,23704.0,16206.0,2341.0,1717.0,0.0,7.142857,7.142857,0.0,0.0,6.0,1.0,49314.0,4290.0,41848.0,0.091739,24548.0,17300.0,2452.0,1838.0,0.0,7.142857,7.142857,0.0,0.0,6.0,1.0,93.0,30.0,93.0,11819.7,4147.0,39827.0,0.094,24331.0,15496.0,2444.0,1703.0,0.0,1.0,7.142857,7.142857,0.0,0.0,1.0,1.0,1.0,1.0,1.0,1.7671797,1.814637,1.5977983,1.4915822,14.026791,84.69344,1.4351145,1.5701472,1.3340588,1.4189595,1.3634245,1.4626682,45.0,45.0,222.0,281.0,60.0,60.0,1.0,0.0,0.0,1.0,0.0,0.0,0.0,0.0,0.0,1.0,0.0,0.0,0.0,0.0,0.0,0.0,0.0,1.0,0.0,0.0,0.0,0.0,0.0,0.0,0.0,1.0,0.0,0.0,0.0,0.0,0.0,0.0,0.0,0.0,1.0,0.0,0.0,0.0,0.0,0.0,0.0,0.0,0.0,0.0,0.0,1.0,0.0,0.0,0.0
272341_1_10 4:106190862 T>C,1.0,0.9999999999993927,0.9983878151060726,0.0,true,0.9612390493660722,0.087469,,,,,,,,,,,451.0,44.5,0.0,1.39594,3380.0,0.0879,0.0007,0.0,2.1,1690.0,19225.0,1690.0,17532.0,0.0879,3056.0,14476.0,222.0,1468.0,0.0,0.0,0.0,0.0,0.0,6.0,1.0,36048.0,1817.0,18286.0,0.087469,3153.0,15133.0,228.0,1589.0,0.0,0.0,0.0,0.0,0.0,6.0,1.0,93.0,68.0,1.0,5026.74,1794.0,18166.0,0.09,3167.0,14999.0,227.0,1567.0,0.0,1.0,0.0,0.0,0.0,0.0,1.0,1.0,1.0,1.0,1.0,0.06287596,0.44432378,0.6413412,0.17141517,5.794568,35.79575,0.1448628,0.21114741,0.14348647,0.20835261,0.15122616,0.21110804,45.0,45.0,256.0,293.0,60.0,60.0,0.0,1.0,0.0,1.0,0.0,0.0,0.0,0.0,0.0,1.0,0.0,1.0,0.0,0.0,0.0,0.0,1.0,0.0,0.0,0.0,0.0,0.0,0.0,0.0,0.0,1.0,0.0,0.0,0.0,0.0,0.0,0.0,0.0,0.0,1.0,0.0,0.0,0.0,0.0,0.0,0.0,0.0,1.0,0.0,0.0,0.0,0.0,0.0,0.0
887041_1_100 17:7579472 G>C,1.0,0.7125084222692535,0.9530663961674073,0.0,true,0.9542879858408995,0.004953,,,,,,,,,,,265.0,32.9,0.06412,1.43174,238.0,0.0049,0.0,2.0,2.2,119.0,24107.0,119.0,23986.0,0.0049,10518.0,13468.0,42.0,77.0,0.0,16.666666,7.142857,3.5714285,16.666666,6.0,6.0,932.0,124.0,24633.0,0.004953,10799.0,13834.0,47.0,77.0,0.0,16.666666,7.142857,3.5714285,16.666666,6.0,6.0,93.0,56.0,38.0,159.31,125.0,24492.0,0.004914,10648.0,13844.0,48.0,77.0,0.0,6.0,16.666666,7.142857,3.5714285,16.666666,6.0,1.0,1.0,1.0,1.0,0.5606104,0.20717914,0.03817429,0.76498884,0.33307254,2.3207011,0.6233766,0.76914185,0.6103896,0.780613,0.54545456,0.7809623,45.0,44.0,233.0,227.0,60.0,60.0,1.0,0.0,0.0,1.0,0.0,0.0,0.0,0.0,0.0,1.0,0.0,0.0,0.0,0.0,0.0,0.0,0.0,1.0,0.0,0.0,0.0,0.0,0.0,0.0,0.0,1.0,0.0,0.0,0.0,0.0,0.0,0.0,0.0,0.0,0.0,0.0,0.0,0.0,1.0,0.0,0.0,0.0,0.0,0.0,1.0,0.0,0.0,0.0,0.0
809382_T 2:25467032 G>A,1.0,1.0,0.999999268572986,0.0,true,0.9613021326394579,0.463663,,,,,,,,,,,511.0,33.6,0.96777,1.0019,15592.0,0.4825,0.0121,0.0,2.0,7796.0,16159.0,7796.0,8351.0,0.4824,6790.0,1561.0,6341.0,1455.0,0.0,0.0,0.0,0.0,0.0,6.0,1.0,49314.0,8058.0,8659.0,0.463663,7064.0,1595.0,6588.0,1470.0,0.0,0.0,0.0,0.0,0.0,6.0,1.0,43.0,51.0,93.0,27330.9,7813.0,8316.0,0.484,7010.0,1306.0,6548.0,1265.0,0.0,1.0,0.0,0.0,0.0,0.0,1.0,1.0,1.0,1.0,1.0,0.7121295,1.3711053,1.5562124,3.5484169,27.021744,159.19669,5.176285,5.3675346,4.4816327,4.42884,4.3580756,4.349776,44.0,44.0,218.0,221.0,60.0,60.0,1.0,0.0,0.0,1.0,0.0,0.0,0.0,0.0,0.0,1.0,0.0,0.0,0.0,0.0,0.0,0.0,0.0,1.0,0.0,0.0,0.0,0.0,0.0,0.0,0.0,1.0,0.0,0.0,0.0,0.0,0.0,0.0,0.0,1.0,0.0,0.0,0.0,0.0,0.0,0.0,0.0,0.0,0.0,0.0,0.0,1.0,0.0,0.0,0.0
736399_1_100 17:58740521 G>T,1.0,0.88539124077328,0.9955244710797039,0.0,true,0.9592285417104984,0.006333,,,,,,,,,,,322.0,29.7,0.28732,1.15792,456.0,0.0066,0.0001,1.0,2.3,228.0,34386.0,228.0,34156.0,0.0065,17880.0,16276.0,111.0,117.0,0.0,5.5555553,3.5714285,0.0,5.5555553,6.0,5.0,1657.0,238.0,36906.0,0.006333,19343.0,17563.0,119.0,119.0,0.0,5.5555553,3.5714285,0.0,5.5555553,6.0,5.0,93.0,40.0,93.0,364.53,230.0,34642.0,0.006505,18036.0,16606.0,116.0,114.0,0.0,3.0,5.5555553,3.5714285,0.0,5.5555553,3.0,1.0,1.0,1.0,1.0,1.35922,1.2337959,1.128151,0.7060779,0.7120051,4.57478,1.0175439,1.0861135,1.0,1.1013495,0.94871795,1.09855,44.0,45.0,222.0,208.0,60.0,60.0,1.0,0.0,0.0,1.0,0.0,0.0,0.0,0.0,0.0,1.0,0.0,0.0,0.0,0.0,0.0,0.0,0.0,1.0,0.0,0.0,0.0,0.0,0.0,0.0,0.0,1.0,0.0,0.0,0.0,0.0,0.0,0.0,0.0,0.0,0.0,1.0,0.0,0.0,0.0,0.0,0.0,0.0,0.0,0.0,0.0,0.0,0.0,1.0,0.0
761809_1_100 20:31022441 A>AG,0.9999999999999722,0.2165016384047216,0.6694442088256469,0.0016736677886291403,false,0.9259007811711947,0.013818,528.0,8585.0,0.05793921,0.0,6.0,53.57143,53.57143,0.0,8.333333,6.0,315.0,32.7,0.07731,1.16777,1094.0,0.0149,0.0,8.0,1.9,547.0,36676.0,547.0,36650.0,0.0134,18280.0,18370.0,294.0,253.0,1.6280661e-7,53.57143,53.57143,0.0,8.333333,6.0,6.0,5054.0,612.0,43916.0,0.013818,21858.0,22058.0,329.0,283.0,5.6516066e-5,53.57143,53.57143,0.0,8.333333,6.0,6.0,93.0,59.0,93.0,522.93,728.0,39398.0,0.016,19245.0,20153.0,366.0,362.0,2.245251e-26,6.0,53.57143,53.57143,0.0,8.333333,6.0,1.0,0.0,1.0,2.0,1.7334257,1.4855542,1.794324,0.4266715,1.8209912,11.969741,1.0110497,0.9549447,1.1625441,0.990933,1.1620554,0.99510074,44.0,29.0,212.0,192.0,60.0,60.0,1.0,0.0,0.0,1.0,0.0,0.0,0.0,0.0,0.0,0.0,1.0,1.0,0.0,1.0,0.0,0.0,0.0,0.0,0.0,0.0,0.0,0.0,0.0,0.0,0.0,0.0,0.0,1.0,0.0,0.0,0.0,0.0,0.0,0.0,0.0,0.0,1.0,0.0,0.0,0.0,0.0,0.0,0.0,1.0,0.0,0.0,0.0,0.0,0.0
809382_T 2:198267428 A>G,0.0,0.21427245235425044,0.0006177167262851544,0.0,false,0.52335268298325,0.001265,,,,,,,,,,,172.0,22.2,0.68643,1.13421,110.0,0.0011,0.0,0.0,3.1,55.0,50980.0,55.0,50921.0,0.0011,26600.0,24321.0,27.0,28.0,0.35360333,3.5714285,3.5714285,0.0,2.7777777,6.0,6.0,129.0,69.0,52790.0,0.001265,27816.0,24974.0,39.0,30.0,0.016645478,3.5714285,3.5714285,0.0,2.7777777,6.0,6.0,,,,,,,,,,,,,,,,,,,1.0,1.0,1.0,1.0,,2.926149,2.6376364,,0.11058005,1.2332069,,,1.3,1.1137984,0.96428573,1.093705,,,,,,,1.0,0.0,0.0,1.0,0.0,0.0,0.0,0.0,0.0,1.0,0.0,0.0,0.0,0.0,0.0,0.0,0.0,0.0,0.0,1.0,0.0,0.0,0.0,0.0,0.0,1.0,0.0,0.0,0.0,0.0,0.0,0.0,0.0,0.0,0.0,0.0,0.0,0.0,0.0,0.0,1.0,0.0,0.0,0.0,0.0,1.0,0.0,0.0,0.0
272341_1_10 4:106180838 G>T,1.0,1.0,0.999921601732091,0.0,true,0.961299094491238,0.078363,,,,,,,,,,,445.0,25.8,0.03424,1.1525,2478.0,0.0782,0.0015,0.0,2.0,1239.0,15852.0,1239.0,14608.0,0.0782,10324.0,4284.0,911.0,328.0,0.0,3.5714285,0.0,3.5714285,2.7777777,1.0,1.0,27560.0,1306.0,15180.0,0.078363,10839.0,4341.0,977.0,329.0,0.0,3.5714285,0.0,3.5714285,2.7777777,4.0,1.0,93.0,33.0,93.0,3657.83,1296.0,14945.0,0.08,10660.0,4285.0,968.0,328.0,0.0,1.0,3.5714285,0.0,3.5714285,2.7777777,1.0,1.0,0.0,1.0,1.0,0.19055475,0.7394887,0.93650997,0.10799118,4.2266912,25.69194,2.9512196,2.487748,2.969605,2.49689,2.777439,2.4098973,45.0,45.0,220.0,244.0,60.0,60.0,1.0,0.0,0.0,1.0,0.0,0.0,0.0,0.0,0.0,1.0,0.0,0.0,0.0,0.0,0.0,0.0,0.0,1.0,0.0,0.0,0.0,0.0,0.0,0.0,0.0,1.0,0.0,0.0,0.0,0.0,0.0,0.0,0.0,0.0,1.0,0.0,0.0,0.0,0.0,0.0,0.0,0.0,0.0,0.0,0.0,0.0,0.0,1.0,0.0
761809_T 2:25457242 C>T,1.0,1.0,0.9998460111628299,0.0,true,0.9612961373421683,0.352325,,,,,,,,,,,500.0,17.9,0.11066,1.05438,11690.0,0.3656,0.0044,1.0,2.0,5845.0,15988.0,5845.0,10134.0,0.3654,4860.0,5274.0,2726.0,3119.0,0.0,0.0,0.0,0.0,0.0,6.0,2.0,49314.0,6190.0,10657.0,0.352325,5122.0,5535.0,2891.0,3299.0,0.0,0.0,0.0,0.0,0.0,6.0,2.0,93.0,24.0,93.0,20652.4,6180.0,10603.0,0.368,5083.0,5520.0,2882.0,3298.0,0.0,2.0,0.0,0.0,0.0,0.0,2.0,1.0,1.0,1.0,1.0,0.53218657,1.1911193,1.3663388,2.6322107,20.239199,122.26143,0.8738629,0.92083335,0.87632614,0.9253839,0.8739981,0.9215017,44.0,44.0,223.0,220.0,60.0,60.0,1.0,0.0,0.0,1.0,0.0,0.0,0.0,0.0,0.0,1.0,0.0,0.0,0.0,0.0,0.0,0.0,0.0,1.0,0.0,0.0,0.0,0.0,0.0,0.0,0.0,1.0,0.0,0.0,0.0,0.0,0.0,0.0,0.0,1.0,0.0,0.0,0.0,0.0,0.0,0.0,0.0,0.0,1.0,0.0,0.0,0.0,0.0,0.0,0.0
809382_1_10 2:25467032 G>A,1.0,0.9999999999985996,0.9995896998700631,0.0,true,0.9612861086739926,0.046494,,,,,,,,,,,367.0,33.8,0.63095,1.05203,1278.0,0.0465,0.0006,0.0,1.9,639.0,13728.0,639.0,13083.0,0.0465,10805.0,2278.0,523.0,116.0,0.0,0.0,0.0,0.0,0.0,6.0,1.0,10699.0,677.0,13664.0,0.046494,11339.0,2325.0,545.0,132.0,0.0,0.0,0.0,0.0,0.0,6.0,1.0,93.0,51.0,93.0,1534.15,652.0,13145.0,0.047,11285.0,1860.0,541.0,111.0,0.0,1.0,0.0,0.0,0.0,0.0,1.0,1.0,1.0,1.0,1.0,0.3321801,0.89343077,1.0805782,0.46931183,2.140824,13.254961,4.8738737,6.0672045,4.128788,4.8769894,4.5086207,4.743196,44.0,44.0,217.0,209.0,60.0,60.0,1.0,0.0,0.0,1.0,0.0,0.0,0.0,0.0,0.0,1.0,0.0,0.0,0.0,0.0,0.0,0.0,0.0,1.0,0.0,0.0,0.0,0.0,0.0,0.0,0.0,1.0,0.0,0.0,0.0,0.0,0.0,0.0,0.0,1.0,0.0,0.0,0.0,0.0,0.0,0.0,0.0,0.0,0.0,0.0,0.0,1.0,0.0,0.0,0.0
272341_1_5000 4:106193940 A>T,0.0,0.002465248388341241,0.0423346671018231,0.0,false,0.5113937766049046,0.001541,,,,,,,,,,,210.0,27.6,0.4696,1.26265,76.0,0.0015,0.0002,0.0,2.1,38.0,26024.0,38.0,25967.0,0.0015,19016.0,6951.0,26.0,12.0,4.5195877e-19,2.7777777,0.0,0.0,2.7777777,5.0,5.0,128.0,43.0,27418.0,0.001541,20249.0,7169.0,31.0,12.0,1.1106026e-21,2.7777777,0.0,0.0,2.7777777,6.0,5.0,,,,,,,,,,,,,,,,,,,1.0,1.0,1.0,1.0,,0.40715238,0.2264893,,0.05148048,0.7191187,,,2.5833333,2.8245223,2.1666667,2.7357216,,,,,,,1.0,0.0,0.0,1.0,0.0,0.0,0.0,0.0,0.0,1.0,0.0,0.0,0.0,0.0,0.0,0.0,0.0,0.0,0.0,1.0,0.0,0.0,0.0,0.0,0.0,1.0,0.0,0.0,0.0,0.0,0.0,0.0,0.0,0.0,1.0,0.0,0.0,0.0,0.0,0.0,0.0,0.0,0.0,0.0,0.0,0.0,1.0,0.0,0.0
809382_T 2:25536827 G>A,1.0,1.0,0.9993682756256247,0.0,true,0.9612774430203733,0.480502,,,,,,,,,,,566.0,21.0,0.01813,1.05988,25828.0,0.4884,0.0,0.0,1.8,12914.0,26442.0,12914.0,13521.0,0.4881,6498.0,7023.0,6394.0,6520.0,0.0,5.5555553,0.0,3.5714285,5.5555553,6.0,3.0,49314.0,13542.0,13895.0,0.480502,6681.0,7214.0,6678.0,6864.0,0.0,5.5555553,0.0,3.5714285,5.5555553,6.0,3.0,16.0,36.0,93.0,44332.2,13472.0,13800.0,0.494,6610.0,7190.0,6624.0,6848.0,0.0,3.0,5.5555553,0.0,3.5714285,5.5555553,3.0,1.0,1.0,1.0,1.0,0.2806442,0.8492166,1.0586258,6.723438,44.81419,267.62973,0.96728975,0.9193324,0.9729021,0.9261159,0.98067486,0.92524564,45.0,45.0,215.0,211.0,60.0,60.0,1.0,0.0,0.0,1.0,0.0,0.0,0.0,0.0,0.0,1.0,0.0,0.0,0.0,0.0,0.0,0.0,0.0,1.0,0.0,0.0,0.0,0.0,0.0,0.0,0.0,1.0,0.0,0.0,0.0,0.0,0.0,0.0,0.0,1.0,0.0,0.0,0.0,0.0,0.0,0.0,0.0,0.0,0.0,0.0,0.0,1.0,0.0,0.0,0.0
736399_1_1000 20:31022441 A>AG,0.0,0.24534540018434534,0.2640009594999624,0.5865892780971377,false,0.5839463660610872,0.016675,441.0,6198.0,0.066425666,0.0,6.0,53.57143,53.57143,0.0,8.333333,6.0,292.0,33.3,0.92414,1.01103,900.0,0.0185,0.0,8.0,2.2,450.0,24317.0,450.0,24301.0,0.0158,12757.0,11544.0,235.0,215.0,4.134219e-18,53.57143,53.57143,0.0,8.333333,6.0,6.0,4750.0,527.0,31226.0,0.016675,16313.0,14913.0,258.0,269.0,4.947258e-14,53.57143,53.57143,0.0,8.333333,6.0,6.0,93.0,59.0,93.0,467.71,609.0,28239.0,0.019,14585.0,13654.0,434.0,417.0,4.781306e-38,6.0,53.57143,53.57143,0.0,8.333333,6.0,1.0,0.0,1.0,2.0,0.8554272,0.23897702,0.58837044,0.4934373,1.483776,10.289068,1.0407674,1.0681851,0.9591078,1.0938778,1.0930233,1.1050762,44.0,29.0,225.0,204.0,60.0,60.0,1.0,0.0,0.0,1.0,0.0,0.0,0.0,0.0,0.0,0.0,1.0,1.0,0.0,1.0,1.0,0.0,0.0,0.0,0.0,0.0,0.0,0.0,0.0,0.0,0.0,0.0,0.0,1.0,0.0,0.0,0.0,0.0,0.0,0.0,0.0,0.0,1.0,0.0,0.0,0.0,0.0,0.0,0.0,1.0,0.0,0.0,0.0,0.0,0.0
736399_1_100 4:106155286 A>G,0.0,2.0345240012976547e-5,0.04620877044462141,0.0,false,0.5121469642658449,0.001354,,,,,,,,,,,172.0,30.8,1.0,1.01842,90.0,0.0013,0.0,1.0,3.2,45.0,34497.0,45.0,34450.0,0.0013,12867.0,21583.0,17.0,28.0,0.033522766,7.142857,0.0,7.142857,0.0,6.0,6.0,83.0,52.0,36781.0,0.001354,13709.0,23072.0,18.0,34.0,0.005782248,7.142857,0.0,7.142857,0.0,6.0,6.0,,,,,,,,,,,,,,,,,,,1.0,1.0,1.0,1.0,,1.263474,1.1162721,,0.075815596,0.8970723,,,0.5294118,0.59418344,0.60714287,0.59616363,,,,,,,1.0,0.0,0.0,1.0,0.0,0.0,0.0,0.0,0.0,1.0,0.0,0.0,0.0,0.0,0.0,0.0,0.0,0.0,0.0,1.0,0.0,0.0,0.0,0.0,0.0,1.0,0.0,0.0,0.0,0.0,0.0,0.0,0.0,0.0,1.0,0.0,0.0,0.0,0.0,0.0,0.0,0.0,0.0,0.0,0.0,1.0,0.0,0.0,0.0
272341_1_5000 2:198266834 T>C,0.0,0.01971693358648917,0.044968617063874214,0.0,false,0.5139530125596421,0.002726,,,,,,,,,,,211.0,35.5,0.0176,2.36167,94.0,0.0024,0.0,0.0,2.7,47.0,19210.0,47.0,19163.0,0.0024,2670.0,16493.0,13.0,34.0,3.8226272e-13,10.714286,10.714286,0.0,0.0,6.0,3.0,236.0,59.0,21170.0,0.002726,2712.0,18458.0,14.0,45.0,1.2052532e-17,10.714286,10.714286,0.0,0.0,6.0,4.0,,,,,,,,,,,,,,,,,,,1.0,1.0,1.0,1.0,,0.2796815,0.36726946,,0.082768485,1.0354806,,,0.31111112,0.14692816,0.38235295,0.16188686,,,,,,,1.0,0.0,0.0,1.0,0.0,0.0,0.0,0.0,0.0,1.0,0.0,0.0,0.0,0.0,0.0,0.0,0.0,0.0,0.0,1.0,0.0,0.0,0.0,0.0,0.0,1.0,0.0,0.0,0.0,0.0,0.0,0.0,0.0,0.0,0.0,0.0,0.0,0.0,0.0,0.0,1.0,0.0,1.0,0.0,0.0,0.0,0.0,0.0,0.0
887041_1_10 2:25505564 G>T,1.0,0.9999999998847808,0.9990682435065457,0.0,true,0.96126569799884,0.03713,,,,,,,,,,,393.0,33.9,0.57027,1.03814,2156.0,0.0358,0.0006,1.0,2.3,1078.0,30078.0,1078.0,28990.0,0.0358,11879.0,17111.0,432.0,646.0,0.0,0.0,0.0,0.0,0.0,3.0,3.0,18623.0,1178.0,30170.0,0.03713,12504.0,17666.0,474.0,704.0,0.0,0.0,0.0,0.0,0.0,4.0,3.0,93.0,56.0,93.0,2538.7,1158.0,29655.0,0.037,12263.0,17392.0,463.0,695.0,0.0,3.0,0.0,0.0,0.0,0.0,3.0,1.0,1.0,1.0,1.0,0.96683913,0.71231097,0.48801684,0.18541703,3.6669836,23.161045,0.66618705,0.7050943,0.67329544,0.70780027,0.6687307,0.6942318,45.0,44.0,185.0,202.0,60.0,60.0,1.0,0.0,0.0,1.0,0.0,0.0,0.0,0.0,0.0,1.0,0.0,0.0,0.0,0.0,0.0,0.0,0.0,1.0,0.0,0.0,0.0,0.0,0.0,0.0,0.0,1.0,0.0,0.0,0.0,0.0,0.0,0.0,0.0,1.0,0.0,0.0,0.0,0.0,0.0,0.0,0.0,0.0,0.0,0.0,0.0,0.0,0.0,1.0,0.0
887041_1_10 20:31022441 A>AG,0.0,0.9999866062756513,0.8890109424810537,0.9999999999959459,true,0.7843988677194651,0.041988,1404.0,6280.0,0.18271734,0.0,6.0,53.57143,53.57143,0.0,8.333333,6.0,399.0,32.7,0.66963,1.02326,2956.0,0.0506,0.0,8.0,1.6,1478.0,29209.0,1478.0,29193.0,0.0422,14834.0,14359.0,759.0,718.0,0.0,53.57143,53.57143,0.0,8.333333,6.0,6.0,20808.0,1599.0,36592.0,0.041988,18589.0,18003.0,835.0,764.0,0.0,53.57143,53.57143,0.0,8.333333,6.0,6.0,93.0,59.0,93.0,2037.28,1684.0,32390.0,0.049,16091.0,16299.0,940.0,877.0,0.0,6.0,53.57143,53.57143,0.0,8.333333,6.0,1.0,0.0,1.0,2.0,1.182031,0.7328029,1.0983111,0.10969891,5.057562,31.48532,1.0718358,0.98723847,1.092932,1.0325501,1.057103,1.0330803,44.0,29.0,200.0,193.0,60.0,60.0,1.0,0.0,0.0,1.0,0.0,0.0,0.0,0.0,0.0,0.0,1.0,1.0,0.0,1.0,1.0,0.0,0.0,0.0,0.0,0.0,0.0,0.0,0.0,0.0,0.0,0.0,0.0,1.0,0.0,0.0,0.0,0.0,0.0,0.0,0.0,0.0,1.0,0.0,0.0,0.0,0.0,0.0,0.0,1.0,0.0,0.0,0.0,0.0,0.0
761809_T 20:31022441 A>AG,0.0,0.3553490929828253,0.2842861739105501,0.3277012972288151,false,0.6053470747748616,0.016421,506.0,7158.0,0.06602296,0.0,6.0,53.57143,53.57143,0.0,8.333333,6.0,298.0,33.8,0.78916,1.02498,1026.0,0.0183,0.0,8.0,2.2,513.0,28027.0,513.0,28006.0,0.0157,14677.0,13329.0,272.0,241.0,2.7918579e-19,53.57143,53.57143,0.0,8.333333,6.0,6.0,5336.0,598.0,35989.0,0.016421,18775.0,17214.0,297.0,301.0,1.9737072e-14,53.57143,53.57143,0.0,8.333333,6.0,6.0,93.0,59.0,93.0,526.97,694.0,32554.0,0.019,16790.0,15764.0,498.0,475.0,6.0448e-41,6.0,53.57143,53.57143,0.0,8.333333,6.0,1.0,0.0,1.0,2.0,1.1949346,0.6129805,1.0410069,0.44574744,1.702792,11.692924,1.048421,1.065085,0.98671097,1.090682,1.1286308,1.1011329,44.0,29.0,225.0,206.0,60.0,60.0,1.0,0.0,0.0,1.0,0.0,0.0,0.0,0.0,0.0,0.0,1.0,1.0,0.0,1.0,1.0,0.0,0.0,0.0,0.0,0.0,0.0,0.0,0.0,0.0,0.0,0.0,0.0,1.0,0.0,0.0,0.0,0.0,0.0,0.0,0.0,0.0,1.0,0.0,0.0,0.0,0.0,0.0,0.0,1.0,0.0,0.0,0.0,0.0,0.0
809382_T 4:106156042 TC>T,0.0,0.9945511497384605,0.9705342353396632,0.0,false,0.8102119089316568,0.002166,38.0,6778.0,0.005575117,1.4e-44,1.0,2.7777777,0.0,0.0,2.7777777,3.0,231.0,38.4,1.0,1.00244,90.0,0.0019,0.0001,1.0,1.2,45.0,23213.0,45.0,23164.0,0.0019,14915.0,8249.0,29.0,16.0,7.4412113e-32,2.7777777,0.0,0.0,2.7777777,1.0,1.0,642.0,52.0,24281.0,0.002166,15880.0,8401.0,31.0,21.0,1.911018e-36,2.7777777,0.0,0.0,2.7777777,3.0,1.0,,,,,,,,,,,,,,,,,,,1.0,1.0,2.0,1.0,,0.12420186,0.071625486,,0.075815596,0.8970723,,,1.4761904,1.8902512,1.8125,1.808098,,,,,,,1.0,0.0,0.0,1.0,0.0,0.0,0.0,0.0,0.0,0.0,1.0,0.0,0.0,0.0,0.0,0.0,0.0,0.0,0.0,1.0,0.0,0.0,0.0,0.0,0.0,0.0,1.0,0.0,0.0,0.0,0.0,0.0,0.0,0.0,1.0,0.0,0.0,0.0,0.0,0.0,0.0,0.0,0.0,1.0,0.0,0.0,0.0,0.0,0.0
887041_1_10 4:106197574 GTC>G,0.0,0.00047455970599492365,0.13630581223051982,0.0,false,0.5358213738775484,0.004295,87.0,4004.0,0.021266194,0.0,1.0,3.5714285,0.0,3.5714285,2.7777777,5.0,279.0,26.4,0.91884,1.03222,212.0,0.0045,0.0003,3.0,0.9,106.0,23444.0,106.0,23329.0,0.0045,15135.0,8194.0,68.0,38.0,0.0,3.5714285,0.0,3.5714285,2.7777777,2.0,2.0,1633.0,104.0,24578.0,0.004295,15971.0,8607.0,66.0,38.0,0.0,3.5714285,0.0,3.5714285,2.7777777,5.0,2.0,93.0,39.0,93.0,167.75,107.0,23363.0,0.004579,14986.0,8377.0,68.0,39.0,0.0,2.0,3.5714285,0.0,3.5714285,2.7777777,2.0,1.0,1.0,3.0,1.0,0.47177982,0.14085789,0.04340104,0.77508783,0.28787875,1.9252486,1.7435898,1.7889459,1.7368422,1.8555827,1.7894737,1.8470832,45.0,45.0,207.0,207.0,60.0,60.0,1.0,0.0,0.0,1.0,0.0,0.0,0.0,0.0,0.0,0.0,1.0,0.0,0.0,0.0,0.0,0.0,0.0,1.0,0.0,0.0,0.0,0.0,0.0,0.0,0.0,0.0,1.0,0.0,0.0,0.0,0.0,0.0,0.0,0.0,1.0,0.0,0.0,0.0,0.0,0.0,0.0,0.0,0.0,1.0,0.0,0.0,0.0,0.0,0.0
736399_T 4:106164926 T>C,0.0,0.1178015429565531,5.1892766963517344e-6,0.0,false,0.5127573795252963,0.00138,,,,,,,,,,,144.0,26.9,0.00499,4.17136,34.0,0.0011,0.0,1.0,2.7,17.0,14873.0,17.0,14855.0,0.0011,5425.0,9430.0,12.0,5.0,0.10827529,3.5714285,3.5714285,3.5714285,0.0,6.0,,75.0,22.0,15550.0,0.00138,5571.0,9979.0,12.0,10.0,0.009274211,3.5714285,3.5714285,3.5714285,0.0,6.0,1.0,,,,,,,,,,,,,,,,,,,1.0,1.0,1.0,1.0,,0.71455514,0.90134823,,0.021524874,0.30389366,,,1.2,0.55827236,2.4,0.57529163,,,,,,,1.0,0.0,0.0,1.0,0.0,0.0,0.0,0.0,0.0,1.0,0.0,0.0,0.0,0.0,0.0,0.0,0.0,0.0,0.0,1.0,0.0,0.0,0.0,0.0,0.0,1.0,0.0,0.0,0.0,0.0,0.0,0.0,0.0,0.0,1.0,0.0,0.0,0.0,0.0,0.0,0.0,0.0,1.0,0.0,0.0,0.0,0.0,0.0,0.0
761809_1_1000 4:106193940 A>T,0.0,0.0024697348528416613,0.04235752785097521,0.0,false,0.5114002686772992,0.00154,,,,,,,,,,,210.0,27.6,0.46962,1.26257,76.0,0.0015,0.0002,0.0,2.1,38.0,26034.0,38.0,25977.0,0.0015,19023.0,6954.0,26.0,12.0,4.5720237e-19,2.7777777,0.0,0.0,2.7777777,5.0,5.0,128.0,43.0,27433.0,0.00154,20259.0,7174.0,31.0,12.0,1.1313487e-21,2.7777777,0.0,0.0,2.7777777,6.0,5.0,,,,,,,,,,,,,,,,,,,1.0,1.0,1.0,1.0,,0.40816185,0.22791478,,0.05148048,0.7191187,,,2.5833333,2.8239477,2.1666667,2.7355478,,,,,,,1.0,0.0,0.0,1.0,0.0,0.0,0.0,0.0,0.0,1.0,0.0,0.0,0.0,0.0,0.0,0.0,0.0,0.0,0.0,1.0,0.0,0.0,0.0,0.0,0.0,1.0,0.0,0.0,0.0,0.0,0.0,0.0,0.0,0.0,1.0,0.0,0.0,0.0,0.0,0.0,0.0,0.0,0.0,0.0,0.0,0.0,1.0,0.0,0.0
272341_1_10 20:31022441 A>AG,1.0,0.9999992392421423,0.9931417830442515,0.9999999999530313,true,0.9580636101275846,0.047714,1955.0,8982.0,0.17875102,0.0,6.0,53.57143,53.57143,0.0,8.333333,6.0,444.0,38.6,0.02903,1.1047,4100.0,0.0602,0.0,8.0,1.3,2050.0,34051.0,2050.0,34039.0,0.0497,17003.0,17036.0,1075.0,975.0,0.0,53.57143,53.57143,0.0,8.333333,6.0,6.0,28940.0,2136.0,42780.0,0.047714,21346.0,21434.0,1136.0,1000.0,0.0,53.57143,53.57143,0.0,8.333333,6.0,6.0,93.0,59.0,93.0,2829.89,2215.0,38306.0,0.055,18768.0,19538.0,1205.0,1133.0,0.0,6.0,53.57143,53.57143,0.0,8.333333,6.0,1.0,0.0,1.0,2.0,1.6475064,1.2219853,1.686368,0.40762013,7.0460887,42.103218,1.0635481,0.96058965,1.136,0.9958944,1.1025641,0.9980629,44.0,44.0,215.0,228.0,60.0,60.0,1.0,0.0,0.0,1.0,0.0,0.0,0.0,0.0,0.0,0.0,1.0,0.0,0.0,1.0,1.0,0.0,0.0,0.0,0.0,0.0,0.0,0.0,0.0,0.0,0.0,0.0,0.0,1.0,0.0,0.0,0.0,0.0,0.0,0.0,0.0,0.0,1.0,0.0,0.0,0.0,0.0,0.0,0.0,1.0,0.0,0.0,0.0,0.0,0.0
218281_1_10 17:7578389 G>T,0.0,1.73348274299023e-15,0.0759282058894136,0.0,false,0.5199490656899637,0.001132,,,,,,,,,,,140.0,10.8,0.00975,0.0,22.0,0.0011,0.0001,0.0,1.9,11.0,9907.0,11.0,9891.0,0.0011,6304.0,3587.0,11.0,0.0,9.592828e-7,3.5714285,3.5714285,3.5714285,0.0,6.0,,19.0,12.0,10447.0,0.001132,6709.0,3738.0,12.0,0.0,3.0627285e-7,3.5714285,3.5714285,3.5714285,0.0,6.0,,,,,,,,,,,,,,,,,,,,0.0,1.0,1.0,1.0,,1.2156491,1.3862956,,0.042383548,0.10616743,,,0.0,1.79481,0.0,1.7574575,,,,,,,0.0,1.0,0.0,1.0,0.0,0.0,0.0,0.0,0.0,1.0,0.0,0.0,0.0,0.0,0.0,0.0,0.0,0.0,0.0,1.0,0.0,0.0,0.0,0.0,0.0,1.0,0.0,0.0,0.0,0.0,0.0,0.0,0.0,0.0,0.0,0.0,0.0,0.0,1.0,0.0,0.0,0.0,0.0,0.0,0.0,0.0,0.0,1.0,0.0
736399_T 4:106193940 A>T,0.0,0.0025584308769114293,0.05529510280354551,0.0,false,0.5148084899738188,0.001506,,,,,,,,,,,215.0,27.4,0.47478,1.31087,80.0,0.0014,0.0001,0.0,2.0,40.0,27852.0,40.0,27793.0,0.0014,20327.0,7466.0,27.0,13.0,1.6905402e-19,2.7777777,0.0,0.0,2.7777777,5.0,5.0,129.0,45.0,29351.0,0.001506,21648.0,7703.0,32.0,13.0,5.504498e-22,2.7777777,0.0,0.0,2.7777777,6.0,5.0,,,,,,,,,,,,,,,,,,,1.0,1.0,1.0,1.0,,0.59147906,0.41018578,,0.05843337,0.75866395,,,2.4615386,2.8103337,2.0769231,2.722609,,,,,,,1.0,0.0,0.0,1.0,0.0,0.0,0.0,0.0,0.0,1.0,0.0,0.0,0.0,0.0,0.0,0.0,0.0,0.0,0.0,1.0,0.0,0.0,0.0,0.0,0.0,1.0,0.0,0.0,0.0,0.0,0.0,0.0,0.0,0.0,1.0,0.0,0.0,0.0,0.0,0.0,0.0,0.0,0.0,0.0,0.0,0.0,1.0,0.0,0.0
218281_T 2:25457243 G>A,1.0,1.0,0.9999755279545343,0.0,true,0.9613012039853475,0.470847,,,,,,,,,,,562.0,18.5,0.00393,1.08375,20138.0,0.4775,0.0027,0.0,1.9,10069.0,21086.0,10069.0,11012.0,0.4772,4617.0,6395.0,4420.0,5649.0,0.0,0.0,0.0,0.0,0.0,6.0,5.0,49314.0,10579.0,11335.0,0.470847,4805.0,6530.0,4608.0,5971.0,0.0,0.0,0.0,0.0,0.0,6.0,5.0,63.0,25.0,93.0,38246.1,10554.0,11305.0,0.483,4780.0,6525.0,4591.0,5963.0,0.0,2.0,0.0,0.0,0.0,0.0,2.0,1.0,1.0,1.0,1.0,0.4769527,1.1024891,1.3019073,5.0862737,34.923706,209.04346,0.76991445,0.7325671,0.77173,0.7358346,0.78243935,0.72197026,45.0,45.0,210.0,208.0,60.0,60.0,1.0,0.0,0.0,1.0,0.0,0.0,0.0,0.0,0.0,1.0,0.0,0.0,0.0,0.0,0.0,0.0,0.0,1.0,0.0,0.0,0.0,0.0,0.0,0.0,0.0,1.0,0.0,0.0,0.0,0.0,0.0,0.0,0.0,1.0,0.0,0.0,0.0,0.0,0.0,0.0,0.0,0.0,0.0,0.0,0.0,1.0,0.0,0.0,0.0
887041_1_100 4:106197574 GTC>G,0.0,0.0005409740250906292,0.16725885782613292,0.0,false,0.5439134039732842,0.004509,94.0,4036.0,0.02276029,0.0,1.0,3.5714285,0.0,3.5714285,2.7777777,5.0,283.0,26.7,1.0,1.00157,228.0,0.0048,0.0003,3.0,0.9,114.0,23659.0,114.0,23537.0,0.0048,15270.0,8267.0,74.0,40.0,0.0,3.5714285,0.0,3.5714285,2.7777777,2.0,2.0,1736.0,110.0,24753.0,0.004509,16062.0,8691.0,71.0,39.0,0.0,3.5714285,0.0,3.5714285,2.7777777,5.0,2.0,93.0,39.0,93.0,181.89,114.0,23523.0,0.00484,15065.0,8458.0,73.0,41.0,0.0,2.0,3.5714285,0.0,3.5714285,2.7777777,2.0,1.0,1.0,3.0,1.0,0.48436874,0.16185457,0.026770473,0.7711605,0.31569034,2.0438843,1.7804878,1.7811539,1.8205128,1.8481188,1.85,1.8471029,45.0,45.0,207.0,208.0,60.0,60.0,1.0,0.0,0.0,1.0,0.0,0.0,0.0,0.0,0.0,0.0,1.0,0.0,0.0,0.0,0.0,0.0,0.0,1.0,0.0,0.0,0.0,0.0,0.0,0.0,0.0,0.0,1.0,0.0,0.0,0.0,0.0,0.0,0.0,0.0,1.0,0.0,0.0,0.0,0.0,0.0,0.0,0.0,0.0,1.0,0.0,0.0,0.0,0.0,0.0
887041_1_1000 20:31022441 A>AG,0.999999999999988,0.1219440238275622,0.400146921452301,0.3855143732831464,true,0.8976933484273717,0.013786,440.0,6320.0,0.06508876,0.0,6.0,53.57143,53.57143,0.0,8.333333,6.0,301.0,29.7,0.63745,1.04632,914.0,0.0144,0.0,8.0,2.0,457.0,31808.0,457.0,31790.0,0.0129,16163.0,15627.0,237.0,219.0,3.3917215e-5,53.57143,53.57143,0.0,8.333333,6.0,6.0,4360.0,526.0,37835.0,0.013786,19209.0,18626.0,275.0,251.0,0.00018384618,53.57143,53.57143,0.0,8.333333,6.0,6.0,93.0,58.0,93.0,464.18,642.0,33694.0,0.017,16730.0,16964.0,328.0,314.0,8.368148e-27,6.0,53.57143,53.57143,0.0,8.333333,6.0,1.0,0.0,1.0,2.0,1.2846307,0.99495864,1.2164357,0.47492242,1.5081111,10.269295,1.044586,0.98620605,1.0956175,1.0313003,1.0821918,1.0342996,44.0,29.0,199.0,180.0,60.0,60.0,1.0,0.0,0.0,1.0,0.0,0.0,0.0,0.0,0.0,0.0,1.0,1.0,0.0,1.0,0.0,0.0,0.0,0.0,0.0,0.0,0.0,0.0,0.0,0.0,0.0,0.0,0.0,1.0,0.0,0.0,0.0,0.0,0.0,0.0,0.0,0.0,1.0,0.0,0.0,0.0,0.0,0.0,0.0,1.0,0.0,0.0,0.0,0.0,0.0
761809_1_100 4:106193940 A>T,0.0,0.0023453433942688135,0.04242069794728979,0.0,false,0.5114034003935486,0.001531,,,,,,,,,,,210.0,27.6,0.46957,1.26279,76.0,0.0015,0.0002,0.0,2.1,38.0,26198.0,38.0,26141.0,0.0015,19144.0,6997.0,26.0,12.0,5.5198817e-19,2.7777777,0.0,0.0,2.7777777,5.0,5.0,127.0,43.0,27610.0,0.001531,20389.0,7221.0,31.0,12.0,1.4061641e-21,2.7777777,0.0,0.0,2.7777777,6.0,5.0,,,,,,,,,,,,,,,,,,,1.0,1.0,1.0,1.0,,0.42471692,0.2447354,,0.05148048,0.7191187,,,2.5833333,2.8235703,2.1666667,2.7360296,,,,,,,1.0,0.0,0.0,1.0,0.0,0.0,0.0,0.0,0.0,1.0,0.0,0.0,0.0,0.0,0.0,0.0,0.0,0.0,0.0,1.0,0.0,0.0,0.0,0.0,0.0,1.0,0.0,0.0,0.0,0.0,0.0,0.0,0.0,0.0,1.0,0.0,0.0,0.0,0.0,0.0,0.0,0.0,0.0,0.0,0.0,0.0,1.0,0.0,0.0
809382_1_100 4:106157569 A>T,1.0,0.9999928313786416,0.9817839835135551,0.0,true,0.9605831724648575,0.005613,,,,,,,,,,,290.0,24.5,0.01015,1.6312,264.0,0.0054,0.0001,0.0,2.0,132.0,24385.0,132.0,24239.0,0.0054,10268.0,13971.0,41.0,91.0,0.0,0.0,0.0,0.0,0.0,1.0,1.0,1128.0,150.0,26162.0,0.005613,10980.0,15182.0,53.0,97.0,0.0,0.0,0.0,0.0,0.0,6.0,1.0,93.0,33.0,93.0,220.49,146.0,25686.0,0.005567,10814.0,14872.0,52.0,94.0,0.0,1.0,0.0,0.0,0.0,0.0,1.0,1.0,1.0,1.0,1.0,0.6545552,0.23271838,0.10712935,0.7532066,0.37826633,2.8347893,0.5531915,0.7271382,0.5463917,0.7232249,0.45054945,0.73495096,45.0,45.0,237.0,222.0,60.0,60.0,1.0,0.0,0.0,1.0,0.0,0.0,0.0,0.0,0.0,1.0,0.0,0.0,0.0,0.0,0.0,0.0,0.0,1.0,0.0,0.0,0.0,0.0,0.0,0.0,0.0,1.0,0.0,0.0,0.0,0.0,0.0,0.0,0.0,0.0,1.0,0.0,0.0,0.0,0.0,0.0,0.0,0.0,0.0,0.0,0.0,0.0,1.0,0.0,0.0
736399_1_100 4:106196829 T>G,1.0,0.9171237717153992,0.9990561577890003,0.0,true,0.9599059792705823,0.006979,,,,,,,,,,,315.0,26.6,0.02513,1.35603,440.0,0.0071,0.0001,0.0,2.5,220.0,30777.0,220.0,30530.0,0.0071,16475.0,14055.0,102.0,118.0,0.0,3.5714285,3.5714285,0.0,0.0,3.0,3.0,1706.0,232.0,32234.0,0.006979,17264.0,14970.0,107.0,125.0,0.0,3.5714285,3.5714285,0.0,0.0,6.0,3.0,93.0,28.0,93.0,327.17,210.0,30079.0,0.006829,16117.0,13962.0,98.0,112.0,0.0,3.0,3.5714285,3.5714285,0.0,0.0,3.0,0.0,1.0,1.0,1.0,1.0001998,0.86776716,0.6841625,0.717299,0.68419355,4.4561443,0.875,1.1543475,0.856,1.1532398,0.86440676,1.1721808,44.0,44.0,215.0,193.0,60.0,60.0,1.0,0.0,0.0,1.0,0.0,0.0,0.0,0.0,0.0,1.0,0.0,1.0,1.0,0.0,0.0,0.0,0.0,0.0,0.0,0.0,0.0,0.0,0.0,0.0,0.0,1.0,0.0,0.0,0.0,0.0,0.0,0.0,0.0,0.0,1.0,0.0,0.0,0.0,0.0,0.0,0.0,0.0,0.0,0.0,0.0,0.0,0.0,1.0,0.0
736399_1_10 4:106155286 A>G,0.0,1.66830566319732e-5,0.09879118286631923,0.0,false,0.5259482506902933,0.001326,,,,,,,,,,,176.0,32.1,0.88122,1.04102,94.0,0.0013,0.0,1.0,3.2,47.0,35310.0,47.0,35262.0,0.0013,13171.0,22091.0,18.0,29.0,0.022441683,7.142857,0.0,7.142857,0.0,6.0,6.0,81.0,52.0,37599.0,0.001326,13997.0,23602.0,18.0,34.0,0.010279191,7.142857,0.0,7.142857,0.0,6.0,6.0,,,,,,,,,,,,,,,,,,,1.0,1.0,1.0,1.0,,1.3454418,1.1940081,,0.082768485,0.8970723,,,0.5294118,0.59304297,0.62068963,0.59621567,,,,,,,1.0,0.0,0.0,1.0,0.0,0.0,0.0,0.0,0.0,1.0,0.0,0.0,0.0,0.0,0.0,0.0,0.0,0.0,0.0,1.0,0.0,0.0,0.0,0.0,0.0,1.0,0.0,0.0,0.0,0.0,0.0,0.0,0.0,0.0,1.0,0.0,0.0,0.0,0.0,0.0,0.0,0.0,0.0,0.0,0.0,1.0,0.0,0.0,0.0
